source_dataset,transformation,native_label,target_label,n_affected_rows,harmonization_rule,notes,timestamp
EmoNoBa,DIRECT column rename,Joy/Anger/Sadness/Surprise/Fear,joy/anger/sadness/surprise/fear,20462,Phase 3 FROZEN direct mappings,Capitalization-only difference; exact semantic equivalence.,2026-09-19 12:15:59
EmoNoBa,STRATEGY-D: disgust=0 annotation-coverage assumption,(absent — not annotated),disgust=0,20462,DISGUST-D (approved 2026-09-19),"EmoNoBa did not collect Disgust annotations. disgust=0 is an operational assumption, NOT an original annotation. F5 sensitivity analysis is mandatory. Rows flagged as f5_eligible=True.",2026-09-19 12:15:59
EmoNoBa,LOVE-1 exclusion,Love (only active label),EXCLUDED,2277,LOVE-1 (approved 2026-09-19),"2277 rows excluded. Love-only rows would create all-zero target vectors, misrepresenting unannotated status as confirmed negatives.",2026-09-19 12:15:59
EmoNoBa,Love column dropped (non-target),Love,DROPPED,20462,DATASET_SPEC.md Sec 3 FROZEN,Love is not in the BETC target taxonomy. Not mapped to any target label. Never mapped to Disgust.,2026-09-19 12:15:59
UBMEC,Single-label to one-hot six-binary conversion,classes (categorical string),six binary target columns,13436,UBMEC-ONE-HOT (FROZEN),"UBMEC is single-label; observed class -> 1, all other 5 -> 0. This is a representation change, NOT a claim that UBMEC is multi-label. The 0s mean 'not the observed category in a mutually-exclusive 6-class scheme'. Original categorical class preserved in original_class column.",2026-09-19 12:15:59
MONOVAB,CONTEMPT-1 exclusion,contempt (only active label),EXCLUDED,2128,CONTEMPT-1 (approved 2026-09-19),2128 rows excluded. Retaining as all-zero would create disgust=0 label noise given semantic contempt-disgust overlap.,2026-09-19 12:15:59
MONOVAB,Contempt column dropped (non-target),contempt,DROPPED,8096,DATASET_SPEC.md Sec 3 FROZEN,contempt is not in the BETC target taxonomy.,2026-09-19 12:15:59
MONOVAB,ENJOYMENT->JOY semantic harmonization (FROZEN),enjoyment,joy,1601,enjoyment->joy FROZEN (approved 2026-09-19),"Semantic near-equivalence: enjoyment is MONOVAB's Ekman Joy/Happiness category. Mapping is a semantic harmonization, NOT a claim of theoretical label identity. original_enjoyment preserved in harmonized corpus for traceability.",2026-09-19 12:15:59
MONOVAB,DIRECT mappings,anger/disgust/fear/sadness/surprise,anger/disgust/fear/sadness/surprise,8096,Phase 3 FROZEN direct mappings,Five MONOVAB labels are exact Ekman equivalents.,2026-09-19 12:15:59
