group_id,text_hash,original_text,group_type,n_rows,n_distinct_label_vectors,sources,splits,source_row_ids,source_datasets,label_vectors,all_anger,all_disgust,all_fear,all_joy,all_sadness,all_surprise,action,resolution
68806a304a59,68806a304a59,"Yousuf Kazi পৃথিবীতে এখনও আপনার মত কিছু মানুষ আছে বলে,পৃথিবীটা এখনও এত সুন্দর।ধর্মের থেকে মানুষ বড়,সত্যি, আপনাকে ধন্যবাদ দিয়ে আর ছোট করব না।",B,2,2,UBMEC,NONE,8385|9239,UBMEC|UBMEC,"(0, 0, 0, 1, 0, 0) | (0, 0, 1, 0, 0, 0)",0|0,0|0,0|1,1|0,0|0,0|0,RETAINED_UNRESOLVED — requires user decision,PENDING
005fcd560a8f,005fcd560a8f,"অপরাধ কারী এবং অপরাধী কে প্রশ্রয় দানকারী দুজনেই সমান অপরাধী ? এদেকে কি বলে মোনাফেক, কাফের, জারজ, নাস্তিক, আস্তিক, মালউন, আরো কত কি কি বলে???????",B,14,3,UBMEC,NONE,8260|8299|8363|8563|8564|8565|8566|8567|8568|8569|8570|8571|8572|8573,UBMEC|UBMEC|UBMEC|UBMEC|UBMEC|UBMEC|UBMEC|UBMEC|UBMEC|UBMEC|UBMEC|UBMEC|UBMEC|UBMEC,"(1, 0, 0, 0, 0, 0) | (0, 0, 0, 0, 1, 0) | (0, 1, 0, 0, 0, 0)",1|0|0|0|0|0|0|0|0|0|0|0|0|0,0|0|1|0|0|0|0|0|0|0|0|0|0|0,0|0|0|0|0|0|0|0|0|0|0|0|0|0,0|0|0|0|0|0|0|0|0|0|0|0|0|0,0|1|0|1|1|1|1|1|1|1|1|1|1|1,0|0|0|0|0|0|0|0|0|0|0|0|0|0,RETAINED_UNRESOLVED — requires user decision,PENDING
523358193c2a,523358193c2a,অমানুষ,D,3,2,MONOVAB|UBMEC,NONE,9653|25775|51683,UBMEC|MONOVAB|MONOVAB,"(0, 1, 0, 0, 0, 0) | (1, 0, 0, 0, 0, 0)",0|1|1,1|0|0,0|0|0,0|0|0,0|0|0,0|0|0,RETAINED_UNRESOLVED — requires user decision,PENDING
76353fbca55e,76353fbca55e,অসাধারণ,D,5,2,MONOVAB|UBMEC,NONE,10401|11505|11519|12624|38207,UBMEC|UBMEC|UBMEC|UBMEC|MONOVAB,"(0, 0, 0, 1, 0, 0) | (0, 0, 0, 0, 0, 1)",0|0|0|0|0,0|0|0|0|0,0|0|0|0|0,1|0|0|1|1,0|0|0|0|0,0|1|1|0|0,RETAINED_UNRESOLVED — requires user decision,PENDING
bbd6ce9d5620,bbd6ce9d5620,অসাধারন,D,2,2,MONOVAB|UBMEC,NONE,11511|37803,UBMEC|MONOVAB,"(0, 0, 0, 0, 0, 1) | (0, 0, 0, 1, 0, 0)",0|0,0|0,0|0,0|1,0|0,1|0,RETAINED_UNRESOLVED — requires user decision,PENDING
b5a60694ebbc,b5a60694ebbc,"আজ আমার বোন,কাল আপনার বোন, পরে আপনার মেয়ে,তার আরেকজন এর পালা, এই ভাবে চলতে থাকলে, আমাদের বোনেরা,নেয়েরা লেখা করতে পারবেনা,নিরাপদে,রাস্তায় চলা ফিরা করতে পারবেনা, আসুন সবাই মিলে প্রতিবাদ করি।এর দায়িত্ব শুধু কুমিল্লাহ র ছাত্র- ছাত্রী ভাই,বোন দের না। আমার, আপনার, সকলের। আমি মনে করি বাংলাদেশের সকল শিক্ষা প্রতিষ্ঠানের ছাত্র,ছাত্রী,শিক্ষক,কর্মচারী,অভিবাবক,সচেতন নাগ রিক মাত্রই প্রতিবাদ করা উচিত।",B,3,2,UBMEC,NONE,11112|11162|11167,UBMEC|UBMEC|UBMEC,"(0, 0, 1, 0, 0, 0) | (1, 0, 0, 0, 0, 0)",0|1|1,0|0|0,1|0|0,0|0|0,0|0|0,0|0|0,RETAINED_UNRESOLVED — requires user decision,PENDING
64eacb863fbc,64eacb863fbc,আন্তর্জাতিক শ্রম সংস্থার  আইএলও  প্রতিষ্ঠার শতবর্ষ পালন উপলক্ষে গিনেস রেকর্ড ভাঙতে বাংলাদেশ বিশ্বের সর্ববৃহৎ টি শার্ট সেলাইয়ের পরিকল্পনা করেছে  বিশ্বের দ্বিতীয় বৃহত্তম রফতানিকারক বাংলাদেশ পোশাক শিল্পকে তুলে ধরার জন্য বাংলাদেশ গার্মেন্ট প্রস্তুতকারক ও রফতানিকারক সমিতিকে  বিজিএমইএ  সুতি কাপড়ের এই টি শার্ট সেলাইয়ের দায়িত্ব দেয়া হয়েছে,B,2,2,UBMEC,NONE,1928|1929,UBMEC|UBMEC,"(0, 0, 0, 0, 0, 1) | (0, 0, 0, 1, 0, 0)",0|0,0|0,0|0,0|1,0|0,1|0,RETAINED_UNRESOLVED — requires user decision,PENDING
f555b3ed94fc,f555b3ed94fc,"আমরা কি স্ট্যাটাসের বাকি লাইনগুলো অস্বীকার করবো ? কোনটির আগে বিচার হওয়া উচিত ?? অপহরণ চেষ্টা নাকি খুনের ??? এইযে ইমাম- মুয়াজ্জিন , লেখক - প্রকাশক, ধর্ষণ- গুম, সন্ত্রাস- চাঁদাবাজি, ৮০০ কোটি টাকা লুট কোনটি ????",B,3,3,UBMEC,NONE,7333|7456|7473,UBMEC|UBMEC|UBMEC,"(1, 0, 0, 0, 0, 0) | (0, 0, 0, 0, 0, 1) | (0, 0, 0, 0, 1, 0)",1|0|0,0|0|0,0|0|0,0|0|0,0|0|1,0|1|0,RETAINED_UNRESOLVED — requires user decision,PENDING
05b6974d19f7,05b6974d19f7,আমরা জানি আপনাদের কাছে আমরা কোন সত্য বা বাস্তব ঘটনা কখনোই আশা করি না কারণ আমরা পাব না আপনারা যেটা সত্য সেটা কখনো বলবেন না আবার না বলাটাই স্বাভাবিক কারণ আপনারা তো মানুষ আপনারা সত্য কথা বলে কি বিপদে পড়বেন নাকি এরকম এই অনুষ্ঠানটা এখন করতেছেন মাস খানেক আগেও তো করতে পারতেন তখন করেন নাই কেন করেন নাই করলে আপনাদের সমস্যা হতে পারে ,D,2,2,EmoNoBa|UBMEC,NONE|Train,5485|2038,EmoNoBa|UBMEC,"(1, 0, 0, 0, 0, 0) | (0, 0, 0, 0, 1, 0)",1|0,0|0,0|0,0|0,0|1,0|0,RETAINED_UNRESOLVED — requires user decision,PENDING
248e4d14edf5,248e4d14edf5,আমরা যারা ছাএ আছি আমাদের ত NID CARD নাই তাহলে আমরা কি সিম ব্যবহার করতে পারব না,B,3,2,UBMEC,NONE,11593|11628|11648,UBMEC|UBMEC|UBMEC,"(0, 0, 0, 0, 0, 1) | (0, 0, 0, 0, 1, 0)",0|0|0,0|0|0,0|0|0,0|0|0,0|1|1,1|0|0,RETAINED_UNRESOLVED — requires user decision,PENDING
4baa8570ac1b,4baa8570ac1b,"আমার অন্তরের অন্তথল থেকে ছাত্রদের জন্ন্য দোয়া রইলো, নিউ মাকেটের ডাকাত ব্যাবসায়ীদের অনেক দিন থেকে দোলাই দেওয়ার ইচ্ছা ছিলো মনে, আজ তা পুরন হলো, যদিও আমি অংশগ্রহন করতে পারি নাই",B,2,2,MONOVAB,NONE,4056|4457,MONOVAB|MONOVAB,"(1, 1, 0, 0, 0, 0) | (0, 1, 0, 0, 1, 0)",1|0,1|1,0|0,0|0,0|1,0|0,RETAINED_UNRESOLVED — requires user decision,PENDING
7c2eb39a8f0f,7c2eb39a8f0f,"আমি একমাত্র সরকারি কোন কাজে আঙ্গুলের চাপ দিতে রাজি আছি, শিক্ষিত ব্যক্তি আঙ্গুলের চাপ দেয় না।আমি স্বাক্ষর করতে জানি, বায়োমেট্রিক পদ্ধতি দিয়ে দেশের মানুষদের বিপদের দিকে এগিয়ে নিয়ে যাচ্ছে।",B,2,2,UBMEC,NONE,11606|11651,UBMEC|UBMEC,"(0, 0, 0, 0, 0, 1) | (0, 0, 1, 0, 0, 0)",0|0,0|0,0|1,0|0,0|0,1|0,RETAINED_UNRESOLVED — requires user decision,PENDING
694b814e8455,694b814e8455,আমি সবসময় নিজেক সুখী ভাবি  কারণ আমি কখনো কারো কাছে কিছু প্রত্যাশা করি না  কারো কাছে কিছু প্রত্যাশা করাটা সবসময়ই দুঃখের কারণ হয়ে দাঁড়ায়,B,2,2,UBMEC,NONE,2451|2452,UBMEC|UBMEC,"(0, 0, 0, 1, 0, 0) | (0, 0, 0, 0, 1, 0)",0|0,0|0,0|0,1|0,0|1,0|0,RETAINED_UNRESOLVED — requires user decision,PENDING
c99ec41d5b1d,c99ec41d5b1d,আর মিষ্টিতে তো প্রতিদিনই পোকা ধরে ,B,2,2,EmoNoBa,Train,25708|16313,EmoNoBa|EmoNoBa,"(1, 0, 0, 0, 0, 0) | (0, 0, 0, 0, 1, 0)",1|0,0|0,0|0,0|0,0|1,0|0,RETAINED_UNRESOLVED — requires user decision,PENDING
cef59c29126f,cef59c29126f,"ইমরান এইচ এর সহযোগি থাবা মগাচিপ, অনন্য আজাদ (চুমা চুমির ইভেন্টের জনক) দের মুক্ত চিন্তা, বিজ্ঞান মনস্ক লেখা পড়ে অনেকেই দাবি তুলেছে মুর্তি পুতুলের উপাসনা দরকার নেই, ভেংে ফেল এসব।এসব হল মুক্ত চিন্তা মানুষের কাজ -কারণ মুক্ত চিন্তার আলোকিত মানুষেরা এসব অর্থহীন পুতুল মানুষের উপর প্রভুত্ব করবে এটা না মেনে নিতে পারে না - তারাই হিন্দু দেব মুর্তি ভাংার পিছনে হয় তারা সরাসরি যুক্ত নতুবা তাদের লেখা /চিন্তার মাধ্যমে তারা মুক্ত চিন্তক দের প্রভাবিত করেছে।",B,5,2,UBMEC,NONE,8263|8378|8393|8395|8408,UBMEC|UBMEC|UBMEC|UBMEC|UBMEC,"(0, 1, 0, 0, 0, 0) | (0, 0, 0, 0, 1, 0)",0|0|0|0|0,1|1|0|0|0,0|0|0|0|0,0|0|0|0|0,0|0|1|1|1,0|0|0|0|0,RETAINED_UNRESOLVED — requires user decision,PENDING
3195f7754166,3195f7754166,"ইসলাম রক্ষায় শুধু ভারতীয় নয়, ইসরাইলের পন্য নয়, ইউরোপীয় পন্য নয় সবার আগে বর্জন করুন এই দেশীয় নাস্তিকদের ধোসর যমুনা গ্রপের সকল পন্য । কেননা এইদেশের নাস্তিকদের সবচেয়ে শক্তিশালী মিড়িয়া হলো ৭১ টিভি । . আর এই ৭১ টিভির মালিক হলো নাস্তিকদের শিরমনি মোজাম্মেল বাবু । যাঁর সিংহভাগ আয় হয় যমুনা গ্রুপের পন্য বিক্রির মাধ্যমে । যমুনা গ্রপের পন্যর মধ্যে উল্লেখযোগ্য হলো ফ্রেস ব্রান্ডের আটা, ময়দা, সুজি তাই আসুন যমুনা গ্রুপের সকল পন্য বর্জন করে ইসলামের জন্য নিজের মনকে সবার আগে ফ্রেশ করি ।",B,4,3,UBMEC,NONE,11037|11056|11127|11193,UBMEC|UBMEC|UBMEC|UBMEC,"(1, 0, 0, 0, 0, 0) | (0, 0, 0, 0, 0, 1) | (0, 0, 0, 0, 1, 0)",1|0|0|0,0|0|0|0,0|0|0|0,0|0|0|0,0|0|1|1,0|1|0|0,RETAINED_UNRESOLVED — requires user decision,PENDING
0dda5043bb40,0dda5043bb40,উগ্র কম জ্ঞ্যানী শিক্ষক ও লজ্জার কারন।,B,3,2,MONOVAB,NONE,14937|15334|15341,MONOVAB|MONOVAB|MONOVAB,"(1, 0, 0, 0, 0, 0) | (0, 1, 0, 0, 0, 0)",1|0|0,0|1|1,0|0|0,0|0|0,0|0|0,0|0|0,RETAINED_UNRESOLVED — requires user decision,PENDING
f2390c1c2560,f2390c1c2560,উনি যেভাবে কথা বলতেছে মনে হয় উনি জনগনের বিপুল পরিমান ভোট পেয়ে ক্ষমতায় এসেছেন  নির্লজ্জ কোথাকার,B,2,2,UBMEC,NONE,2695|2696,UBMEC|UBMEC,"(1, 0, 0, 0, 0, 0) | (0, 1, 0, 0, 0, 0)",1|0,0|1,0|0,0|0,0|0,0|0,RETAINED_UNRESOLVED — requires user decision,PENDING
18bdd66b5722,18bdd66b5722,এই অফিসে প্রয়োজনের তুলনায় কর্মী বেশি। কর্মী ছাঁটাই করা হোক। পরের সপ্তাহেই বেশ কয়েকজন কর্মী ছাঁটাই করা হলো। বলুন তো ,B,2,2,EmoNoBa,Train,1380|12051,EmoNoBa|EmoNoBa,"(1, 0, 0, 0, 1, 0) | (1, 0, 0, 0, 0, 0)",1|1,0|0,0|0,0|0,1|0,0|0,RETAINED_UNRESOLVED — requires user decision,PENDING
275ea4484c37,275ea4484c37,"এই সেই লোক যে, রাজাকার শিরমণি গু আজমের পরিবার কে গায়ের জোরে ভি আই পি সুবিধা দিয়েছিল! https://www.youtube.com/watch?v=Wts4F0zk_8o",B,3,2,UBMEC,NONE,12126|12133|12387,UBMEC|UBMEC|UBMEC,"(1, 0, 0, 0, 0, 0) | (0, 0, 0, 0, 1, 0)",1|1|0,0|0|0,0|0|0,0|0|0,0|0|1,0|0|0,RETAINED_UNRESOLVED — requires user decision,PENDING
e63b8263ee6b,e63b8263ee6b,একটি সুখের সংসার ধ্বংস করার জন্য শয়তান যতগুলো অস্ত্র আবিস্কার করেছে তার মধ্যে মারাত্নক অস্ত্র স্ত্রীর ঘ্যানর ঘ্যানর,B,2,2,UBMEC,NONE,3016|3017,UBMEC|UBMEC,"(0, 1, 0, 0, 0, 0) | (0, 0, 0, 0, 1, 0)",0|0,1|0,0|0,0|0,0|1,0|0,RETAINED_UNRESOLVED — requires user decision,PENDING
9f636c700950,9f636c700950,একমত!,D,2,2,MONOVAB|UBMEC,NONE,9838|28359,UBMEC|MONOVAB,"(0, 0, 0, 1, 0, 0) | (1, 0, 0, 0, 0, 0)",0|1,0|0,0|0,1|0,0|0,0|0,RETAINED_UNRESOLVED — requires user decision,PENDING
13b090757e3b,13b090757e3b,একমত।,D,2,2,MONOVAB|UBMEC,NONE,10006|27779,UBMEC|MONOVAB,"(0, 0, 0, 1, 0, 0) | (1, 0, 0, 0, 0, 0)",0|1,0|0,0|0,1|0,0|0,0|0,RETAINED_UNRESOLVED — requires user decision,PENDING
19dbb05752b0,19dbb05752b0,ঐ নিরাপত্তা প্রধানই সকল চুরির হোতা। ওনাকে যথাযথ আইনি প্রক্রিয়ায় এনে বিচার করা হোক। আশাকরি অন্যায়ের কাছে নতি শিকার করবেন না।,B,3,3,UBMEC,NONE,12269|12338|12347,UBMEC|UBMEC|UBMEC,"(0, 0, 0, 1, 0, 0) | (0, 0, 0, 0, 1, 0) | (0, 0, 1, 0, 0, 0)",0|0|0,0|0|0,0|0|1,1|0|0,0|1|0,0|0|0,RETAINED_UNRESOLVED — requires user decision,PENDING
9de06f09b00f,9de06f09b00f,ওদের কিছু করতে পারবে না কারন তাদের কথায় থানা পুলিশ উঠে আর বসে  আর এমপি মন্ত্রি তো এদের হাতের ময়লা  আর এদের খমতায় সাধারন জনগণের জায়গা জমি আর টাক্কা পয়সা হাতিয়ে নিয়ে আজ কয়েশো কুটি টাকার মালিক  অনেক লোককে পথের ফকির করে দিয়েছে  দেখি কি বিচার করে নাকি টাকা পয়সা নিয়ে ছেড়ে দেয় ,B,3,3,UBMEC,NONE,3355|3356|3357,UBMEC|UBMEC|UBMEC,"(1, 0, 0, 0, 0, 0) | (0, 0, 1, 0, 0, 0) | (0, 0, 0, 0, 1, 0)",1|0|0,0|0|0,0|1|0,0|0|0,0|0|1,0|0|0,RETAINED_UNRESOLVED — requires user decision,PENDING
ce8ae90a3136,ce8ae90a3136,ওরা মানুষ না,B,2,2,UBMEC,NONE,9659|9733,UBMEC|UBMEC,"(0, 0, 0, 0, 1, 0) | (0, 1, 0, 0, 0, 0)",0|0,0|1,0|0,0|0,1|0,0|0,RETAINED_UNRESOLVED — requires user decision,PENDING
a0642ff28ce0,a0642ff28ce0,কক্সবাজারের কুতুবদিয়া উপজেলায় দুই স্কুলছাত্রকে অচেতন করে ধর্ষণের অভিযোগ উঠেছে  এ ঘটনায় আওয়ামী লীগের নেতা শেখ শহিদুল ইসলাম    ও তাঁর দোকানের কর্মচারী মোহাম্মদ নওশাদকে    আটক করেছে পুলিশ ,B,2,2,UBMEC,NONE,3405|3406,UBMEC|UBMEC,"(1, 0, 0, 0, 0, 0) | (0, 1, 0, 0, 0, 0)",1|0,0|1,0|0,0|0,0|0,0|0,RETAINED_UNRESOLVED — requires user decision,PENDING
6a256693f16f,6a256693f16f,কঠোর ব্যবস্থা নেওয়া উচিত । শাস্তি দিতে হবে না হলে অপকর্ম বাড়বে,B,2,2,UBMEC,NONE,12229|12380,UBMEC|UBMEC,"(1, 0, 0, 0, 0, 0) | (0, 0, 0, 0, 1, 0)",1|0,0|0,0|0,0|0,0|1,0|0,RETAINED_UNRESOLVED — requires user decision,PENDING
b9a021760f69,b9a021760f69,কিছু বলার নাই ,D,2,2,EmoNoBa|MONOVAB,NONE|Train,11121|26011,EmoNoBa|MONOVAB,"(1, 0, 0, 0, 0, 0) | (1, 0, 0, 0, 1, 0)",1|1,0|0,0|0,0|0,0|1,0|0,RETAINED_UNRESOLVED — requires user decision,PENDING
b9d36299151b,b9d36299151b,কিছু ভিনগ্রহের আবাল ইউটিউব চালায়  এতো  সুন্দর একটা ভিডিও তে ডিসলাইক দেয় এইসব ডিসলাইকারদের থাপড়াতে মন চায় ,B,2,2,UBMEC,NONE,3621|3622,UBMEC|UBMEC,"(1, 0, 0, 0, 0, 0) | (0, 1, 0, 0, 0, 0)",1|0,0|1,0|0,0|0,0|0,0|0,RETAINED_UNRESOLVED — requires user decision,PENDING
2b83be9603b5,2b83be9603b5,কিন্তু তার স্থান পায়েই হয় ,B,2,2,EmoNoBa,Train,10017|27915,EmoNoBa|EmoNoBa,"(1, 0, 0, 0, 1, 0) | (1, 0, 0, 0, 0, 0)",1|1,0|0,0|0,0|0,1|0,0|0,RETAINED_UNRESOLVED — requires user decision,PENDING
878b8c92e620,878b8c92e620,কুকুরের বাচ্চা।,D,2,2,MONOVAB|UBMEC,NONE,9676|25496,UBMEC|MONOVAB,"(1, 0, 0, 0, 0, 0) | (1, 1, 0, 0, 0, 0)",1|1,0|1,0|0,0|0,0|0,0|0,RETAINED_UNRESOLVED — requires user decision,PENDING
5377b43a2bb2,5377b43a2bb2,ক্যাম্পাসের সবচেয়ে সুন্দর ব্যাপারটা ফুটে উঠছে  রাতের বাসের মোহ  একদম জীবন্ত লাগতেছে ওয়ালটা  গ্রেট জব  জুনিয়রস,B,2,2,UBMEC,NONE,3790|3791,UBMEC|UBMEC,"(0, 0, 0, 0, 0, 1) | (0, 0, 0, 1, 0, 0)",0|0,0|0,0|0,0|1,0|0,1|0,RETAINED_UNRESOLVED — requires user decision,PENDING
d199b7f1ec16,d199b7f1ec16,চোখে পানি চলে আসলো। ,D,2,2,EmoNoBa|UBMEC,NONE|Train,3527|11377,EmoNoBa|UBMEC,"(1, 0, 0, 0, 0, 0) | (0, 0, 0, 0, 1, 0)",1|0,0|0,0|0,0|0,0|1,0|0,RETAINED_UNRESOLVED — requires user decision,PENDING
5d69e8e93519,5d69e8e93519,চোরের মার বড় গলা। ,D,2,2,EmoNoBa|UBMEC,NONE|Train,26821|12087,EmoNoBa|UBMEC,"(0, 0, 0, 0, 1, 0) | (1, 0, 0, 0, 0, 0)",0|1,0|0,0|0,0|0,1|0,0|0,RETAINED_UNRESOLVED — requires user decision,PENDING
ef65e7d6ff82,ef65e7d6ff82,ছাগল,D,2,2,MONOVAB|UBMEC,NONE,9750|26073,UBMEC|MONOVAB,"(0, 1, 0, 0, 0, 0) | (1, 0, 0, 0, 0, 0)",0|1,1|0,0|0,0|0,0|0,0|0,RETAINED_UNRESOLVED — requires user decision,PENDING
7859573b823b,7859573b823b,ছি ছি ছি,B,2,2,MONOVAB,NONE,199|26053,MONOVAB|MONOVAB,"(1, 1, 0, 0, 0, 0) | (1, 0, 0, 0, 1, 0)",1|1,1|0,0|0,0|0,0|1,0|0,RETAINED_UNRESOLVED — requires user decision,PENDING
809694098ebe,809694098ebe,"ছেলে গেলে ছেলে পাবে,,,বৈশাখের আনন্দ গেলে পাওয়া এটা আর পাওয়া যাবে না,,,,,,এরা মেলাতে আসে পরপুরুষের সাথে মজা নিতে,,,,",B,2,2,UBMEC,NONE,10095|10131,UBMEC|UBMEC,"(0, 1, 0, 0, 0, 0) | (0, 0, 0, 0, 1, 0)",0|0,1|0,0|0,0|0,0|1,0|0,RETAINED_UNRESOLVED — requires user decision,PENDING
64acfb05dd5b,64acfb05dd5b,জয় বাংলা,B,6,2,MONOVAB,NONE,822|853|926|953|45259|45509,MONOVAB|MONOVAB|MONOVAB|MONOVAB|MONOVAB|MONOVAB,"(0, 0, 0, 1, 0, 0) | (1, 0, 0, 0, 0, 0)",0|0|0|0|1|1,0|0|0|0|0|0,0|0|0|0|0|0,1|1|1|1|0|0,0|0|0|0|0|0,0|0|0|0|0|0,RETAINED_UNRESOLVED — requires user decision,PENDING
d7b8d8401f2d,d7b8d8401f2d,জানোয়ার,D,2,2,MONOVAB|UBMEC,NONE,8178|26181,UBMEC|MONOVAB,"(1, 0, 0, 0, 0, 0) | (1, 1, 0, 0, 0, 0)",1|1,0|1,0|0,0|0,0|0,0|0,RETAINED_UNRESOLVED — requires user decision,PENDING
809809d67c48,809809d67c48,টানা এগারোবার বাংলাদেশের সর্বোচ্চ রফতানিকারকের স্বর্ণ ট্রফি অর্জন করেছে জাবের অ্যান্ড জুবায়ের ফেব্রিক্স  রোববার প্রতিষ্ঠানের উপ ব্যবস্থাপনা পরিচালক মোহাম্মদ আবদুল্লাহ জাবেরের হাতে প্রধানমন্ত্রী শেখ হাসিনা এ পুরস্কার তুলে দেন ,B,2,2,UBMEC,NONE,4267|4268,UBMEC|UBMEC,"(0, 0, 0, 1, 0, 0) | (0, 0, 0, 0, 0, 1)",0|0,0|0,0|0,1|0,0|0,0|1,RETAINED_UNRESOLVED — requires user decision,PENDING
c1fe3139c9ee,c1fe3139c9ee,ঠিক কথা,D,2,2,MONOVAB|UBMEC,NONE,10968|28068,UBMEC|MONOVAB,"(0, 0, 0, 1, 0, 0) | (1, 0, 0, 0, 0, 0)",0|1,0|0,0|0,1|0,0|0,0|0,RETAINED_UNRESOLVED — requires user decision,PENDING
3d01f0d345bb,3d01f0d345bb,ঢাকা দক্ষিণ সিটি করপোরেশনে বিএনপির প্রার্থী ইশরাক হোসেনের নির্বাচনী প্রচারের সময় ক্ষমতাসীন আওয়ামী লীগ ও বিএনপির কর্মী সমর্থকদের মধ্যে সংঘর্ষের ঘটনা ঘটেছে  এ সময় আওয়ামী লীগ ও বিএনপির সমর্থকদের মধ্যে সংঘর্ষ ও পাল্টাপাল্টি ধাওয়ার ঘটনা ঘটে,B,2,2,UBMEC,NONE,4329|4330,UBMEC|UBMEC,"(1, 0, 0, 0, 0, 0) | (0, 1, 0, 0, 0, 0)",1|0,0|1,0|0,0|0,0|0,0|0,RETAINED_UNRESOLVED — requires user decision,PENDING
d8bb49927c54,d8bb49927c54,তনু হত্যার বিচার চাই ।সাংবাদিক কেন নীরব ? কার ভয়ে ?,B,2,2,UBMEC,NONE,11275|11348,UBMEC|UBMEC,"(0, 0, 1, 0, 0, 0) | (0, 0, 0, 0, 1, 0)",0|0,0|0,1|0,0|0,0|1,0|0,RETAINED_UNRESOLVED — requires user decision,PENDING
8bc0005a94a7,8bc0005a94a7,"তনুই একমাত্র তনু নয়, আরও তনু আছে। ২৬শে মার্চ ৪৫তম মহান স্বাধীনতা দিবসে প্রধানমন্ত্রী শেখ হাসিনার প্রতিঃ ক্ষোভে উত্তাল কুমিল্লা! অবিলম্বে কুমিল্লা বিভাগটি গঠন করুন =========================================== কুমিল্লা ভিক্টোরিয়া সরকারি কলেজের ইতিহাস বিভাগের স্নাতক (সম্মান) দ্বিতীয় বর্ষের ছাত্রী ও নাট্যকর্মী সোহাগী জাহান তনুকে ধর্ষণ শেষে হত্যা করা হয়। কালভার্টের পাশের জঙ্গলে মাথা থেত্লানো সোহাগীর অর্ধনগ্ন মৃতদেহ উদ্ধার করা হয়। ঘটনায় জড়িতদের অবিলম্বে গ্রেফতার ও তাদের বিচার দাবিতে ক্ষোভে উত্তাল হয়ে উঠেছে কুমিল্লা নগরী। এদিকে তনুর বাড়িতে চলছে তার বাবা-মা ও স্বজনদের আহাজারি। কুমিল্লা ভিক্টোরিয়া কলেজ, সরকারি মহিলা কলেজসহ নগরীর বিভিন্ন শিক্ষা প্রতিষ্ঠানের দল নিবিশেষে হাজার হাজার শিক্ষার্থীসহ বিভিন্ন সামাজিক ও সাংস্কৃতিক সংগঠনের নেতা-কর্মীরা মাঠে নেমেছে। শিক্ষার্থীসহ প্রতিবাদী জনতা নগরীতে দফায় দফায় বিক্ষোভ মিছিল শেষে দুপুরে কান্দিরপাড় পূবালী চত্ত্বরে এসে মানববন্ধন ও সমাবেশ করে। রাজধানী ঢাকাসহ দেশের বিভিন্ন স্থানে এ নিয়ে গত চার দিনে বিক্ষোভ ও প্রতিবাদ সমাবেশ করা হচ্ছে। ফেসবুকেও বইছে প্রতিবাদের ঝড়। ৬৪টি জেলা গঠনের পরে প্রস্তাবমত বাংলাদেশকে ৯টি বিভাগে বিভক্ত না করায় রাষ্ট্র-অবকাঠামো শিথীল-সন্ত্রাসমুখী হয়। এতে সন্ত্রাসবাদী-অনৈতিক চেতনা ক্রমবর্ধমান হয়। খালেদা জিয়া অর্ধশিক্ষিত ও কমবুঝ প্রধানমন্ত্রী। তিনি না হয় বরিশাল ও সিলেট বিভাগ গঠন করে বাকী তিনটি বিভাগ গঠন করলেন না। আর বার বার বলা সত্তেও শিক্ষিত ও বুঝ প্রধানমন্ত্রী শেখ হাসিনা ১৯৯৭-এ ইউনিয়নকে ৯টি ওয়ার্ডে বিভক্তির সাথে সাথে বাংলাদেশকে ৯টি বিভাগে বিভক্ত করলেন না। বার বার বলায় পাঁচ বছর পরে ময়মনসিংহ বিভাগ করলেন। বিগত সাতবছরের প্রধানমন্ত্রী শেখ হাসিনার সরকারামলে প্রবৃদ্ধির গড় হার প্রায় ৬.২% ছিল। আগামী বছর প্রবৃদ্ধির হার ৭.০% উপরে হবে। আগামী বছর প্রধানমন্ত্রী শেখ হাসিনা বার বার শুনাবেন, আমি প্রবৃদ্ধির গড় হার ৭.০% তুলেছি যা জাতির ইতিহাস। এইসাথে কুমিল্লা বিভাগটিও হলে প্রবৃদ্ধির গড় হার ক্রমশঃ ৭.৮%-এর উপরে হতো। প্রধানমন্ত্রী শেখ হাসিনাও বার বার এ কথা শুনাতে পারতেন না? কুমিল্লা বিভাগটি এখনও বাকী আছে। বাংলাদেশকে ৮টি বিভাগে বিভক্তির পরে এখন আর একটি বিভাগের জন্যে কোন প্রভাবশীল আন্দোলন হবে না। অথচ কুমিল্লা বিভাগ গঠনের জন্যে বার্ষিক ব্যয় বাড়বে মাত্র চারকেটি টাকা। বাংলাদেশকে ৯টি বিভাগে বিভক্ত করা হলেই রাষ্ট্র-অবকাঠামো সুষম-গণতন্ত্রমুখী হবে।সকলক্ষেত্রে উদার, নৈতিক ও সৃজনশীল চেতনা বিকাশের ধারা দেবে। প্রবৃদ্ধি গড়হার ১.০% বৃদ্ধিসহ জাতির নিরাপত্তা ও উন্নয়ণের ধারা বাড়বে। এখন জরুরী ভিত্তিতে বাকী কুমিল্লা বিভাগটি করুন।",B,2,2,UBMEC,NONE,11068|11092,UBMEC|UBMEC,"(0, 0, 0, 0, 1, 0) | (0, 0, 0, 0, 0, 1)",0|0,0|0,0|0,0|0,1|0,0|1,RETAINED_UNRESOLVED — requires user decision,PENDING
01119e91ce41,01119e91ce41,তাই,D,2,2,MONOVAB|UBMEC,NONE,10630|26059,UBMEC|MONOVAB,"(0, 0, 0, 0, 1, 0) | (1, 0, 0, 0, 0, 0)",0|1,0|0,0|0,0|0,1|0,0|0,RETAINED_UNRESOLVED — requires user decision,PENDING
c0bb635e3295,c0bb635e3295,তাতে কোম্পানির উৎপাদন হতো প্রচুর এবং এর ফলে সে আনন্দের সঙ্গেই জীবন নির্বাহ করত। ওই অফিসের সিইও সিংহ অবাক হয়ে দেখত ,E+B,2,2,EmoNoBa,Test|Train,15064|23263,EmoNoBa|EmoNoBa,"(1, 0, 0, 1, 0, 1) | (0, 0, 0, 1, 0, 0)",1|0,0|0,0|0,1|1,0|0,1|0,RETAINED_UNRESOLVED — requires user decision,PENDING
8073227c96f9,8073227c96f9,"তাহলে কারা কুমিল্লা ভিক্টোরিয়া কলেজ ছাত্রী তনুকে প্রথমে ধর্ষণ তারপর গলা কেটে হত্যা করলো??!!! সর্ষে ক্ষেতেই ভূত নয়তো???????? . কুমিল্লা সেনানিবাস এলাকায় এমন চাঞ্চল্যকর হত্যাকান্ড! তনুও থাকে সেনানিবাস এরিয়ায়! এমনকি ঘটনার দিন সে ওই এলাকার বাইরেও যায়নি কিন্তু!! . যেই স্থানে তনুকে ধর্ষণ করা হয়েছিলো তার আশেপাশে CCTV আছে৷ তাহলে ঐসব ফুটেজ গ্যালো কই?? আচ্ছা বাদ দেন...আমাদের দেশে তো আবার CCTV থাকে মাগার ফুটেজ থাকেনা... সেনাবাহিনীর CCTV ফুটেজও মেবি 'হ্যাক' হইসে.... . কিছুক্ষণ পরপর এমপি, এফআই, ডিজেএফআই, আরপি টহল হয় কিন্তু ওই জায়গায়!! ঘটনাস্থলের খুব কাছেই দুইপাশে সেনা ক্যাম্প আর কোয়াটার আছে!! তাইলে ক্যামনে কি!!!?? . সেনানিবাস এলাকায় ঢুকতে গেলে আপনার ১৪ গুষ্টির তথ্য দিয়ে ঢুকতে হবে.....তাহলে ধর্ষকরা যদি বাইরে থেকে ঢুকে থাকে তবে সেনাবাহিনীর কাছে নিশ্চই সেই তথ্য আছে!!?? . সঠিক কারণ এবং কারণের যৌক্তিক প্রমান দেখানো ছাড়াও তো সেনানিবাসে ঢুকাও যায়না!!",B,2,2,UBMEC,NONE,11108|11164,UBMEC|UBMEC,"(0, 0, 1, 0, 0, 0) | (0, 0, 0, 0, 0, 1)",0|0,0|0,1|0,0|0,0|0,0|1,RETAINED_UNRESOLVED — requires user decision,PENDING
99a3548f3f36,99a3548f3f36,তুলে দেওয়া উচিৎ,B,2,2,MONOVAB,NONE,27741|27958,MONOVAB|MONOVAB,"(1, 1, 0, 0, 0, 0) | (1, 0, 0, 0, 0, 0)",1|1,1|0,0|0,0|0,0|0,0|0,RETAINED_UNRESOLVED — requires user decision,PENDING
7d0b239f100f,7d0b239f100f,দালাল,D,4,2,MONOVAB|UBMEC,NONE,8103|9398|11270|3866,UBMEC|UBMEC|UBMEC|MONOVAB,"(1, 0, 0, 0, 0, 0) | (0, 1, 0, 0, 0, 0)",1|1|1|0,0|0|0|1,0|0|0|0,0|0|0|0,0|0|0|0,0|0|0|0,RETAINED_UNRESOLVED — requires user decision,PENDING
c971fc0f72c6,c971fc0f72c6,"দেশের সকল ম্যাজিস্ট্রেট ভাইদের দৃষ্টি আকর্ষণ করছি , আপনারা একত্রিত হয়ে এ য়ার পোর্ট ম্যাজিস্ট্রেট দের পাশে দাড়ান । বেয়াদপ গুলোর কঠিন বিচার করেন । এই দেশে অন্যায়ের বিচার করলে , আন্দলনের নামে বিচারকারিকে অপমান করা ফ্যাশন হয়ে গেছে ।",B,4,3,UBMEC,NONE,12103|12197|12319|12348,UBMEC|UBMEC|UBMEC|UBMEC,"(1, 0, 0, 0, 0, 0) | (0, 0, 0, 1, 0, 0) | (0, 0, 0, 0, 1, 0)",1|0|1|0,0|0|0|0,0|0|0|0,0|1|0|0,0|0|0|1,0|0|0|0,RETAINED_UNRESOLVED — requires user decision,PENDING
0a847720462e,0a847720462e,ধিক্কার জানাই,B,2,2,MONOVAB,NONE,219|41832,MONOVAB|MONOVAB,"(1, 1, 0, 0, 0, 0) | (1, 0, 0, 0, 0, 0)",1|1,1|0,0|0,0|0,0|0,0|0,RETAINED_UNRESOLVED — requires user decision,PENDING
fb5eecb6aded,fb5eecb6aded,নড়াইলে রবিশস্য সরিষার সঙ্গে মৌমাছি পালন করে মধু চাষ জনপ্রিয় হয়ে উঠছে  এতে একদিকে যেমন সরিষার ফলন বাড়ছে  অন্যদিকে বাড়তি আয়ের উৎস হচ্ছে খাঁটি মধু  ফলে সরিষার উৎপাদন বৃদ্ধির পাশাপাশি মধু বিক্রি করেও কৃষক লাভবান হচ্ছেন ,B,2,2,UBMEC,NONE,4816|4817,UBMEC|UBMEC,"(0, 0, 0, 1, 0, 0) | (0, 0, 0, 0, 0, 1)",0|0,0|0,0|0,1|0,0|0,0|1,RETAINED_UNRESOLVED — requires user decision,PENDING
8a1a947b486e,8a1a947b486e,নিন্দা জানাচ্ছি,D,2,2,MONOVAB|UBMEC,NONE,8096|42161,UBMEC|MONOVAB,"(0, 0, 0, 0, 1, 0) | (1, 0, 0, 0, 0, 0)",0|1,0|0,0|0,0|0,1|0,0|0,RETAINED_UNRESOLVED — requires user decision,PENDING
5a02e14c03f7,5a02e14c03f7,নিরাপদ দেশ চাই ,D,2,2,EmoNoBa|MONOVAB,NONE|Train,15975|20165,EmoNoBa|MONOVAB,"(1, 0, 0, 0, 0, 0) | (0, 0, 0, 1, 0, 0)",1|0,0|0,0|0,0|1,0|0,0|0,RETAINED_UNRESOLVED — requires user decision,PENDING
8ee840e83238,8ee840e83238,পাডার পো পাডা,B,2,2,MONOVAB,NONE,4190|25858,MONOVAB|MONOVAB,"(1, 1, 0, 0, 0, 0) | (1, 0, 0, 0, 0, 0)",1|1,1|0,0|0,0|0,0|0,0|0,RETAINED_UNRESOLVED — requires user decision,PENDING
60ad4ed37b6b,60ad4ed37b6b,পাপিয়া কত ভাল এবং সৎ নারী এবং পুরুষের কান্নার আওয়াজ শুনে নাই   সে প্রভাব শালীদের যৌন চাহিদা মিটাতে গিয়ে বিভিন্ন রকমের বা বিভিন্ন বয়সের বাচ্চা মেয়েদের জীবন একেবারে নস্ট করে দিয়েছে এবং তার সাথে জড়িত রয়েছে আমাদের দেশের প্রভাব শালী আমলা   সচিব     সরকারী অফিসার   পুলিশ   শিল্প পতি   বাবসায়ি   তারা শুধু মজাই লুটেছে কিন্তু একটা উঠতি বয়সের মেয়ে   কিশরি র জীবন চিরতরে শেষ করে দিয়েছে   তাদের জীবন কি আর পারবে কেউ আগের মত ফিরিয়ে দিতে   পুরো দুনিয়া বিক্রয় করলেও তা আর সে বা কেউ আপনারা ফিরিয়ে দিতে পারবেনা   আমরা এহেন জঘন অপরাধির ও জড়িত সকলের সকলের সামনে রাস্তায় খোলা ফাঁসী চাই  ,B,2,2,UBMEC,NONE,4998|4999,UBMEC|UBMEC,"(1, 0, 0, 0, 0, 0) | (0, 0, 0, 0, 1, 0)",1|0,0|0,0|0,0|0,0|1,0|0,RETAINED_UNRESOLVED — requires user decision,PENDING
cd1f2c7bb5fb,cd1f2c7bb5fb,পৃথিবীতে আনন্দ এবং দুঃখ সব সময় থাকবে সমান সমান  বিজ্ঞানের ভাষায় আনন্দের সংরক্ষণশীলতা  একজন কেউ চরম আনন্দ পেলে  অন্য জনকে চরম দুঃখ পেতে হবে ,B,2,2,UBMEC,NONE,5047|5048,UBMEC|UBMEC,"(0, 0, 0, 1, 0, 0) | (0, 0, 0, 0, 1, 0)",0|0,0|0,0|0,1|0,0|1,0|0,RETAINED_UNRESOLVED — requires user decision,PENDING
1f5ad2e2daeb,1f5ad2e2daeb,পৃথিবীর সবচেয়ে সুখী মানুষ সৌদি আরব,B,2,2,UBMEC,NONE,506|834,UBMEC|UBMEC,"(0, 0, 0, 0, 0, 1) | (0, 0, 0, 1, 0, 0)",0|0,0|0,0|0,0|1,0|0,1|0,RETAINED_UNRESOLVED — requires user decision,PENDING
ec7e35e835f2,ec7e35e835f2,প্রশ্ন শুনে বুঝা যায় বাংলাদেশের অধিকাংশ সাংবাদিক এক একটা নিচু মানের উৎকৃষ্ট দালাল ,B,2,2,UBMEC,NONE,5133|5134,UBMEC|UBMEC,"(1, 0, 0, 0, 0, 0) | (0, 1, 0, 0, 0, 0)",1|0,0|1,0|0,0|0,0|0,0|0,RETAINED_UNRESOLVED — requires user decision,PENDING
c0f997ec3c3b,c0f997ec3c3b, বছর পর প্রতিবেদন অনুযায়ী সালমান শাহ আত্মহত্যা করেছে   বছর পর সাংবাদিক সাগর রুনির প্রতিবেদন হবে  একে অপরকে হত্যা করে তারা আত্মহত্যা করেছে ,B,2,2,UBMEC,NONE,1597|1598,UBMEC|UBMEC,"(0, 0, 1, 0, 0, 0) | (0, 0, 0, 0, 1, 0)",0|0,0|0,1|0,0|0,0|1,0|0,RETAINED_UNRESOLVED — requires user decision,PENDING
ec6d5895d3ea,ec6d5895d3ea,বয়কট নিউ মার্কেট,B,3,2,MONOVAB,NONE,4093|6920|7685,MONOVAB|MONOVAB|MONOVAB,"(1, 1, 0, 0, 0, 0) | (1, 0, 0, 0, 0, 0)",1|1|1,1|0|0,0|0|0,0|0|0,0|0|0,0|0|0,RETAINED_UNRESOLVED — requires user decision,PENDING
d7749a17a1d2,d7749a17a1d2,বয়কট নিউমার্কেট,B,5,2,MONOVAB,NONE,3962|4033|7173|7319|7477,MONOVAB|MONOVAB|MONOVAB|MONOVAB|MONOVAB,"(1, 0, 0, 0, 0, 0) | (1, 1, 0, 0, 0, 0)",1|1|1|1|1,0|1|0|0|0,0|0|0|0|0,0|0|0|0|0,0|0|0|0|0,0|0|0|0|0,RETAINED_UNRESOLVED — requires user decision,PENDING
0bd9fb5c7b6a,0bd9fb5c7b6a,বলদ,D,2,2,MONOVAB|UBMEC,NONE,12850|26055,UBMEC|MONOVAB,"(0, 1, 0, 0, 0, 0) | (1, 0, 0, 0, 0, 0)",0|1,1|0,0|0,0|0,0|0,0|0,RETAINED_UNRESOLVED — requires user decision,PENDING
2fb545da0af9,2fb545da0af9,   বা আশির দশকে যারা আমরা জন্মেছি যা খেয়েছি যা দেখেছি যা শুনেছি যা অনুদাবন করেছি  যে আবেগ ভালোবাসা আমরা পেয়েছি  ইতিহাসে তা কখনো আর কেউ পাবে না,B,2,2,UBMEC,NONE,1614|1615,UBMEC|UBMEC,"(0, 0, 0, 1, 0, 0) | (0, 0, 0, 0, 1, 0)",0|0,0|0,0|0,1|0,0|1,0|0,RETAINED_UNRESOLVED — requires user decision,PENDING
a60df92e8850,a60df92e8850,বাংলাদেশ পুলিশে পরিচয় গোপন করে কারা চাকরী করছে দেখুন https://www.youtube.com/watch?v=PXevZvQVxIo,B,2,2,UBMEC,NONE,8050|9366,UBMEC|UBMEC,"(0, 0, 0, 0, 0, 1) | (0, 0, 0, 0, 1, 0)",0|0,0|0,0|0,0|0,0|1,1|0,RETAINED_UNRESOLVED — requires user decision,PENDING
8de0553ad5bc,8de0553ad5bc,বাংলাদেশের তথ্যপ্রযুক্তি ও প্রযুক্তি বিনিয়োগকারী প্রতিষ্ঠান ইজেনারেশন লিমিটেড এবং ভারতের এইচসিসি গ্রুপের সহযোগী প্রতিষ্ঠান হাইবার টেকনোক্রাট লিমিটেডের সাথে সমঝোতা চুক্তি স্বাক্ষর হয়েছে  প্রধানমন্ত্রী শেখ হাসিনার ভারতে রাষ্ট্রীয় সফরকালে শুক্রবার নয়াদিল্লীর আইটিসি মোর্য হোটেলে ভারত বাংলাদেশ বিজনেস ফোরাম  আইবিবিএফ  এর উদ্বোধন শেষে এই সমঝোতা চুক্তি স্বাক্ষরিত হয় ,B,2,2,UBMEC,NONE,5359|5360,UBMEC|UBMEC,"(1, 0, 0, 0, 0, 0) | (0, 0, 0, 1, 0, 0)",1|0,0|0,0|0,0|1,0|0,0|0,RETAINED_UNRESOLVED — requires user decision,PENDING
71b525e4b29f,71b525e4b29f,"বাংলাদেশের নাস্তিকরা সব সময় দেখবেন বিজ্ঞান বিজ্ঞান করে।
অথচ বুয়েট, চুয়েট কিংবা কোন মেডিকেল কলেজে আপনি বঙ্গীয় নাস্তিকদের অধিকাংশকেই মাইক্রোস্কোপ দিয়েও খুঁজে পাবেন না।
বঙ্গীয় নাস্তিকদের ৯৮% লোকের ব্যাকগ্রাউন্ড হচ্ছে মানবিক শাখা। নাট্যকলা, চিত্রকলা, সঙ্গীত হচ্ছে এদের একাডেমিক শাখা। অর্থাৎ, আমার ভাষায়, এরা কলাবিজ্ঞানী।

মানুষ ল্যাবে বসে বিজ্ঞান চর্চা করে। আর বঙ্গীয় নাস্তিকরা থিয়েটার, কলাভবন আর শাহবাগে বসে গঞ্জিকা সেবন করতে করতে বিজ্ঞান চর্চা করে।
আরজ আলী মাতব্বর এদের আইন্সটাইন,
হুমায়ুন আযাদ এদের নিউটন,
শাহরিয়ার কবির এদের ডারউইন,
তসলিমা নাসরিন এদের ম্যারি কুরী।",B,2,2,MONOVAB,NONE,15104|15475,MONOVAB|MONOVAB,"(1, 0, 0, 0, 0, 0) | (1, 1, 0, 0, 0, 0)",1|1,0|1,0|0,0|0,0|0,0|0,RETAINED_UNRESOLVED — requires user decision,PENDING
b17408c34f1b,b17408c34f1b,বিচার কার কাছে চাইবে এখনতো কোন আইন নাই আজ মানুষ বড় অসয়াই,B,2,2,UBMEC,NONE,11214|11218,UBMEC|UBMEC,"(0, 0, 0, 0, 0, 1) | (0, 0, 0, 0, 1, 0)",0|0,0|0,0|0,0|0,0|1,1|0,RETAINED_UNRESOLVED — requires user decision,PENDING
3e31b9eb6be6,3e31b9eb6be6,বিচার চাই,B,8,3,UBMEC,NONE,9374|9464|9588|9632|9649|9650|9791|10015,UBMEC|UBMEC|UBMEC|UBMEC|UBMEC|UBMEC|UBMEC|UBMEC,"(0, 0, 0, 0, 1, 0) | (1, 0, 0, 0, 0, 0) | (0, 1, 0, 0, 0, 0)",0|1|0|1|1|1|1|0,0|0|0|0|0|0|0|1,0|0|0|0|0|0|0|0,0|0|0|0|0|0|0|0,1|0|1|0|0|0|0|0,0|0|0|0|0|0|0|0,RETAINED_UNRESOLVED — requires user decision,PENDING
c08f7711eeb3,c08f7711eeb3,বিমানবন্দরের প্রধান নিরাপত্তা কর্মকর্তার বিরুদ্ধে আইনানুগ সর্বোচ্চ ও কঠিন শাস্তি দেওয়ার অনুরোধ জানাই। ম্যাজিস্ট্রেট চোর ধরে শাস্তি দেওয়ায় সব চোর ঐক্যবদ্ধ হয়েছে। চোরদের কাছে আপনি কোনভাবেই হেরে যেতে পারেন না।,B,2,2,UBMEC,NONE,12355|12361,UBMEC|UBMEC,"(0, 0, 0, 0, 1, 0) | (0, 0, 0, 1, 0, 0)",0|0,0|0,0|0,0|1,1|0,0|0,RETAINED_UNRESOLVED — requires user decision,PENDING
7f031dfaccb4,7f031dfaccb4,বিশ্বব্যাপী ছড়িয়ে পড়ছে করোনাভাইরাস  চীনের বাইরে ফ্রান্স  জাপান  অস্ট্রেলিয়া  মালয়েশিয়া  নেপাল  সিঙ্গাপুর  দক্ষিণ কোরিয়া  তাইওয়ান  থাইল্যান্ড  যুক্তরাষ্ট্র ও ভিয়েতনামে এই ভাইরাসে সংক্রমিত রোগী শনাক্ত করা গেছে ,B,2,2,UBMEC,NONE,5552|5553,UBMEC|UBMEC,"(0, 1, 0, 0, 0, 0) | (0, 0, 1, 0, 0, 0)",0|0,1|0,0|1,0|0,0|0,0|0,RETAINED_UNRESOLVED — requires user decision,PENDING
9ea42729bff5,9ea42729bff5,ভাই আজকেই প্রথম আপনার ভিডিও দেখলাম   দেখেই ভালো লাগে গেছে  স্যলুট বস চালিয়ে যান  আর সাবস্ক্রাইব করলাম,B,2,2,UBMEC,NONE,5708|5709,UBMEC|UBMEC,"(0, 0, 0, 1, 0, 0) | (0, 0, 0, 0, 0, 1)",0|0,0|0,0|0,1|0,0|0,0|1,RETAINED_UNRESOLVED — requires user decision,PENDING
0b3c0ab02157,0b3c0ab02157,মানুষ থেকে যখন ধর্মের ব্যবহার চলে যায় তখন এসব হয়,B,2,2,UBMEC,NONE,11209|11221,UBMEC|UBMEC,"(0, 0, 0, 0, 1, 0) | (0, 1, 0, 0, 0, 0)",0|0,0|1,0|0,0|0,1|0,0|0,RETAINED_UNRESOLVED — requires user decision,PENDING
7f1e28894a2c,7f1e28894a2c,"য়ারা ওনার মত একজন ভালো শিক্ষক ও শিক্ষা ব্যবস্থাকে ধর্মের নামে বিকৃতি করছে,,তাদের আইনের আওতায় এনে কঠিন বিচার করা হোক,,যাতে ভবিষ্যতে কাউকে ধর্মের নামে টেগ লাগিয়ে ফাঁসাতে না পারে,,,",B,2,2,MONOVAB,NONE,11685|15360,MONOVAB|MONOVAB,"(0, 1, 0, 0, 1, 0) | (1, 1, 0, 0, 0, 0)",0|1,1|1,0|0,0|0,1|0,0|0,RETAINED_UNRESOLVED — requires user decision,PENDING
8b9ceab15709,8b9ceab15709,"যারা প্রতিমা গুলো ভেঙেছে এবং পুরোহিত ও মুয়াজ্জিন হত্যা করেছে তাদের কোন ধর্ম নেই, এরা মানব নামের বর্বর, নরপিশাচ ও ধর্মের শত্রু।",B,2,2,UBMEC,NONE,8394|9086,UBMEC|UBMEC,"(0, 0, 0, 0, 1, 0) | (1, 0, 0, 0, 0, 0)",0|1,0|0,0|0,0|0,1|0,0|0,RETAINED_UNRESOLVED — requires user decision,PENDING
7e4f5f044519,7e4f5f044519,"যারা শফিক রেহমানকে অপরাধী অপরাধী করছেন, তাদের কাছে প্রশ্ন, উনি কতো বড় অপরাধী? নিশ্চয়ই বিরাট বড় ক্রিমিনাল, তাইনা? মহা আয়োজন করে তো গ্রেফতার করা হলো! আচ্ছা, দেশে একেরপর এক যে মানুষ খুন হচ্ছে খুনিদের ধরা হচ্ছে না কেন? এই যে ব্যাংক থেকে এতোগুলো টাকা লুট হলো, কই কাউকে তো ধরা হলো না! তনুসহ একটার পর একটা খুন-ধর্ষণ চলছে, খুনি-ধর্ষকদের ধরছে না কেন? ও আচ্ছা, শফিক রেহমান তো তার চেয়েও বড় ক্রিমিনাল, তাইনা? আজব ব্যাপার! ফাজলামির একটা সীমা আছে!",B,2,2,UBMEC,NONE,7162|7931,UBMEC|UBMEC,"(1, 0, 0, 0, 0, 0) | (0, 1, 0, 0, 0, 0)",1|0,0|1,0|0,0|0,0|0,0|0,RETAINED_UNRESOLVED — requires user decision,PENDING
b5ef7154b757,b5ef7154b757,রকিবুলও কম যাননি  ভারতীয় বোলারদের বোলিং তোপগুলো সামলে তিনি অধিনায়ককে সঙ্গ দিয়ে গেছেন অসাধারণ কৃতিত্বে  দলকে জয়ের বন্দরে পৌঁছে দিয়েই মাঠ ছেড়েছেন এ দুজন ,B,2,2,UBMEC,NONE,6285|6286,UBMEC|UBMEC,"(0, 0, 0, 1, 0, 0) | (0, 0, 0, 0, 0, 1)",0|0,0|0,0|0,1|0,0|0,0|1,RETAINED_UNRESOLVED — requires user decision,PENDING
71c7b2a4355a,71c7b2a4355a,রশি দিয়ে ব্যানার লাগানো হয়েছে  এটা এই অনুষ্ঠানের জন্য প্রচন্ড মানহানীর বিষয়  এই অনুষ্ঠানের ব্যবস্থাপনায় যারা ছিলেন তাদেরকে জবাবদিহীতায় আনা উচিত ,B,2,2,UBMEC,NONE,6300|6301,UBMEC|UBMEC,"(1, 0, 0, 0, 0, 0) | (0, 1, 0, 0, 0, 0)",1|0,0|1,0|0,0|0,0|0,0|0,RETAINED_UNRESOLVED — requires user decision,PENDING
a35d234bb11a,a35d234bb11a,রাইট,D,6,2,MONOVAB|UBMEC,NONE,7610|9747|10026|11901|11536|26079,UBMEC|UBMEC|UBMEC|UBMEC|MONOVAB|MONOVAB,"(0, 0, 0, 1, 0, 0) | (1, 0, 0, 0, 0, 0)",0|1|0|0|1|1,0|0|0|0|0|0,0|0|0|0|0|0,1|0|1|1|0|0,0|0|0|0|0|0,0|0|0|0|0|0,RETAINED_UNRESOLVED — requires user decision,PENDING
9a8580b9330c,9a8580b9330c,রাইট ভাই,D,2,2,MONOVAB|UBMEC,NONE,8026|41797,UBMEC|MONOVAB,"(0, 0, 0, 1, 0, 0) | (0, 0, 0, 0, 1, 0)",0|0,0|0,0|0,1|0,0|1,0|0,RETAINED_UNRESOLVED — requires user decision,PENDING
1e817f91f174,1e817f91f174,রান হলে খেলা জিতবে ইংশাআললা ,B,2,2,UBMEC,NONE,354|1022,UBMEC|UBMEC,"(0, 0, 0, 0, 0, 1) | (0, 0, 0, 1, 0, 0)",0|0,0|0,0|0,0|1,0|0,1|0,RETAINED_UNRESOLVED — requires user decision,PENDING
64845e3a3797,64845e3a3797,লজ্জা,D,4,3,MONOVAB|UBMEC,NONE,9538|980|14928|25533,UBMEC|MONOVAB|MONOVAB|MONOVAB,"(0, 0, 0, 0, 1, 0) | (0, 1, 0, 0, 0, 0) | (1, 0, 0, 0, 0, 0)",0|0|0|1,0|1|1|0,0|0|0|0,0|0|0|0,1|0|0|0,0|0|0|0,RETAINED_UNRESOLVED — requires user decision,PENDING
567648208842,567648208842,লেবুর শরবতে আয়েশ করে চুমুক দিতে দিতে পাশের দেয়ালে দৃষ্টি ফেরাতেই যদি চোখ আটকে যায় হাতে আঁকা ছবির দিকে  যে ছবিতে শোভা পাচ্ছে বৃষ্টিভেজা একফালি লেবুর ছবি  কী  গেল তো স্বাদ দ্বিগুণ হয়ে  আহা  স্নিগ্ধতা আর সতেজভাব যেন মুহূর্তেই ছেয়ে ফেলেছে শরীর ও মন  এ তো গেল ছবির কথা  অন্দরসজ্জায় লেবুর রকমারি সাজে আপনার প্রিয় অঙ্গন দেবে সতেজ হাসি,B,2,2,UBMEC,NONE,6445|6446,UBMEC|UBMEC,"(0, 0, 0, 1, 0, 0) | (0, 0, 0, 0, 0, 1)",0|0,0|0,0|0,1|0,0|0,0|1,RETAINED_UNRESOLVED — requires user decision,PENDING
d84b91780734,d84b91780734,শালা বাইনচোদ বাংলাদেশ খেলতেই পারে না তুমি আবার এত নাটক চোদাও কা,B,2,2,UBMEC,NONE,6484|6485,UBMEC|UBMEC,"(1, 0, 0, 0, 0, 0) | (0, 1, 0, 0, 0, 0)",1|0,0|1,0|0,0|0,0|0,0|0,RETAINED_UNRESOLVED — requires user decision,PENDING
ea49d0ec7be2,ea49d0ec7be2,শালা স্বরাষ্ট্রপ্রতিমন্ত্রী তোর মত ছাগল যে কিভাবে মন্ত্রী হয় আমি বুঝিনা বাংলাদেশের তো ভালো ভালো লোক থাকতে আসলে তো তোরা নির্বাচিত না অবৈধভাবে ক্ষমতায় আসছিস,B,2,2,UBMEC,NONE,6488|6489,UBMEC|UBMEC,"(1, 0, 0, 0, 0, 0) | (0, 1, 0, 0, 0, 0)",1|0,0|1,0|0,0|0,0|0,0|0,RETAINED_UNRESOLVED — requires user decision,PENDING
1fcc54e28428,1fcc54e28428,শীতের শেষে সবজির দাম যতটা কমে  এবার ততটা কমেনি  শীতকালে সবজির দাম কেমন  তার বেঞ্চমার্ক বা নির্দেশক মাঝারি আকারের একটি ফুলকপি এখনো  টাকার কমে পাওয়া যাচ্ছে না  ছোট একটি লাউয়ের দামও  টাকা ,B,2,2,UBMEC,NONE,6511|6512,UBMEC|UBMEC,"(0, 0, 0, 0, 1, 0) | (0, 0, 0, 0, 0, 1)",0|0,0|0,0|0,0|0,1|0,0|1,RETAINED_UNRESOLVED — requires user decision,PENDING
a2c4a191e2e1,a2c4a191e2e1,সত্যি কথা,D,2,2,MONOVAB|UBMEC,NONE,10844|4120,UBMEC|MONOVAB,"(0, 0, 0, 1, 0, 0) | (1, 0, 0, 0, 0, 0)",0|1,0|0,0|0,1|0,0|0,0|0,RETAINED_UNRESOLVED — requires user decision,PENDING
07ae042d1e72,07ae042d1e72,সবার কাছে একটা অনুরুদ ক্রিকেট নির্বাচন আর রাজনিতি টা কিছু দিনের জন্য বাদ দিয়ে শুদু তনু হত্যার বিচার এর দাবিটা কে এগিয়ে নিয়ে যাই তা না হলে অন্য সব বির্তকিত সমালোচনার কারনে এই তনুর বিচারের আন্দোলন টা নিচে পড়ে দামা চাপা হয়ে যাবে,B,2,2,UBMEC,NONE,11122|11179,UBMEC|UBMEC,"(0, 0, 1, 0, 0, 0) | (0, 0, 0, 0, 1, 0)",0|0,0|0,1|0,0|0,0|1,0|0,RETAINED_UNRESOLVED — requires user decision,PENDING
b3abea5dc4f7,b3abea5dc4f7,সরাসরি ঘোষনা দেন আপনার ধর্ম ইসলাম। শাহবাগের নাস্তিকদের রাখা ভুল ছিল। তাহলে আমরা আপনার পাশে থাকি আর না থাকি আল্লাহ আপনার পাশে আছেন।,B,2,2,UBMEC,NONE,7391|9854,UBMEC|UBMEC,"(0, 0, 0, 1, 0, 0) | (0, 0, 1, 0, 0, 0)",0|0,0|0,0|1,1|0,0|0,0|0,RETAINED_UNRESOLVED — requires user decision,PENDING
da7c2581a367,da7c2581a367,সহমত,D,4,2,MONOVAB|UBMEC,NONE,10022|11946|11949|28656,UBMEC|UBMEC|UBMEC|MONOVAB,"(0, 0, 0, 1, 0, 0) | (1, 0, 0, 0, 0, 0)",0|0|0|1,0|0|0|0,0|0|0|0,1|1|1|0,0|0|0|0,0|0|0|0,RETAINED_UNRESOLVED — requires user decision,PENDING
6073dd46489a,6073dd46489a,সহমত পোষণ করছি,D,2,2,MONOVAB|UBMEC,NONE,11944|28612,UBMEC|MONOVAB,"(0, 0, 0, 1, 0, 0) | (1, 0, 0, 0, 0, 0)",0|1,0|0,0|0,1|0,0|0,0|0,RETAINED_UNRESOLVED — requires user decision,PENDING
886c9a166180,886c9a166180,সহমত পোষণ করছি।ভালকে ভাল কালোকে কালো বলাই বিবেক সম্পন্ন মানুষের কর্তব্য বলে মনে করি।যারা এর সমালোচনা করেন সেটা কতটুকু বিবেক প্রসুত ভেবে দেখবেন।,B,3,3,UBMEC,NONE,7385|7402|7567,UBMEC|UBMEC|UBMEC,"(0, 0, 0, 1, 0, 0) | (0, 0, 0, 0, 1, 0) | (0, 0, 1, 0, 0, 0)",0|0|0,0|0|0,0|0|1,1|0|0,0|1|0,0|0|0,RETAINED_UNRESOLVED — requires user decision,PENDING
fea74578c137,fea74578c137, সালের মার্চ থেকে সংঘাতে জর্জর হয়ে আছে ইয়েমেন  ওই সময় হুতি বিদ্রোহীরা দেশটির পশ্চিমাঞ্চলের নিয়ন্ত্রণ নিয়ে নেয় এবং প্রেসিডেন্ট হাদিকে বিদেশে পালিয়ে যেতে বাধ্য করে  বিশ্লেষকদের মতে  ইয়েমেনে গৃহযুদ্ধের আড়ালে সৌদি আরবসহ সুন্নি দেশগুলোর সঙ্গে ছায়াযুদ্ধ চলছে শিয়া মতাবলম্বী ইরানের,B,2,2,UBMEC,NONE,1578|1579,UBMEC|UBMEC,"(0, 0, 1, 0, 0, 0) | (0, 0, 0, 0, 1, 0)",0|0,0|0,1|0,0|0,0|1,0|0,RETAINED_UNRESOLVED — requires user decision,PENDING
b518427ffa47,b518427ffa47,সাহিত্যের সাথে টাকা পয়সার নাগপাশ লেনদেন হয় এ আমার জানা ছিলো না  তাই বলে প্রকাশকদের টাকার প্রয়োজন তা আমি বলতে চাচ্ছি না কি রেখে যাচ্ছেন ভবিষ্যৎ প্রজন্মের জন্য   কি ছাপাচ্ছেন তা কি পড়ে দেখার ও প্রয়োজন বোধ করছেন না ,B,2,2,UBMEC,NONE,6783|6784,UBMEC|UBMEC,"(0, 1, 0, 0, 0, 0) | (0, 0, 0, 0, 1, 0)",0|0,1|0,0|0,0|0,0|1,0|0,RETAINED_UNRESOLVED — requires user decision,PENDING
c55bed13391e,c55bed13391e,স্যার ওরাত ভদ্র ফ্যামিলীর খান্দানি চোর। ওদের কে বিল গেইট এর কোম্পানিতে কাজ দেওয়া দরকার । চুরি করেও টাকা কমাতে পারবেনা। আসলে কি স্যার হকিন্নীর —————————।,B,2,2,UBMEC,NONE,12092|12153,UBMEC|UBMEC,"(0, 0, 0, 0, 1, 0) | (1, 0, 0, 0, 0, 0)",0|1,0|0,0|0,0|0,1|0,0|0,RETAINED_UNRESOLVED — requires user decision,PENDING
36b131a5880b,36b131a5880b,"হট্টগোল করার অপরাধে আরো কঠোর শাস্তি দেওয়া হোক,,,,দেশটা আর কতদিন চোরদের হাতে জিম্মি থাকবে,,????",B,2,2,UBMEC,NONE,12088|12100,UBMEC|UBMEC,"(1, 0, 0, 0, 0, 0) | (0, 0, 0, 0, 1, 0)",1|0,0|0,0|0,0|0,0|1,0|0,RETAINED_UNRESOLVED — requires user decision,PENDING
112ae451a6a6,112ae451a6a6,"৭১ টিভিতে গলাবাজি ও তথ্য বিকৃতির বিরুদ্ধে মাওলানা সাখাওয়াত হোস... ৭১ টিভিতে গলাবাজি ও তথ্য বিকৃতির বিরুদ্ধে মাওলানা সাখাওয়াত হোসেন একা ভালই জবাব দিয়েছে। প্রসঙ্গ রাষ্ট্রধর্ম ইসলাম নিয়ে একাত্তর জার্নালের গলাবাজি ও তথ্য বিকৃতি: গতকাল একাত্তর জার্নালে মুফতী সাখাওয়াত হুসাইনকে রাষ্ট্রধর্ম ইসলাম নিয়ে বিভিন্ন প্রশ্ন করা হয়। তাঁর উত্তর শোনার আগেই বারবার থামিয়ে ভিন্ন প্রসঙ্গ ও ভুল তথ্য ছুঁড়ে বিভ্রান্ত করার চেষ্টা করা হয়। অনুষ্ঠানে যে তিনটি মৌলিক প্রশ্ন করা হয় তা হলো: ১. পৃথিবীর কয়টা মুসলিম দেশে সংবিধানে ইসলাম আছে? কোন দেশে? ২. রাষ্ট্রধর্মে ইসলাম না থাকলে কি দেশে ইসলাম থাকবে না? ৩. এরশাদ একটা মতলব নিয়ে এটা করেছিল, পরবর্তীতে বিএনপি ভয়ে তা বাদ দেয় নি। [ভিডিও লিংক: https://youtu.be/ZzeP7HQCqv8] প্রথম প্রশ্নের উত্তরে মুফতী সাহেব মধ্যপ্রাচ্যের মুসলিম দেশসহ বিশ্বের অনেকগুলো মুসলিম দেশে সংবিধানে রাষ্ট্রধর্ম ইসলাম থাকার কথা বললে উপস্থাপিকা জোর দিয়ে বলার চেষ্টা করেন যে, ইন্দোনেশিয়া, মালয়েশিয়াতে তো নেই। আরো বলেন, ইরাক, ইরানেও নেই। মুফতী সাহেব মরক্কো, আলজেরিয়ার কথা বললে, সেগুলোও উপস্থাপিকা অস্বীকার করেন। অথচ আমরা দেখি: ১. মালয়েশিয়ার রাষ্ট্রধর্ম ইসলাম। ফেডেরাল কন্সটিটিউশনের প্রথম ভাগের ৩ এর ১ অনুচ্ছেদে বলা হয়েছে: Islam is the religion of the Federation; but other religions may be practised in peace and harmony in any part of the Federation. [দেখুন: মালয়েশিয়ার সংবিধান: http://goo.gl/svUNdA] ২. ইরাকের রাষ্ট্রধর্ম ইসলাম। সংবিধানের 2-2A তে আছে: Islam is the official religion of the State and is a foundation source of legislation: A. No law may be enacted that contradicts the established provisions of Islam. [ইরাকের সংবিধান: http://goo.gl/EY5wvY] ৩. ইরানের রাষ্ট্রধর্ম ইসলাম (শী'য়া মতবাদ)। সংবিধানের Article 12 -এ আছে: The official religion of Iran is Islam. [ইরানের মূল সংবিধান: http://goo.gl/Tp0T3Z; আন-অফিশিয়াল অনুবাদ: http://goo.gl/fzB1j6 ] ৪. মরক্কোর রাষ্ট্রধর্ম ইসলাম। সংবিধানে Article 6 -এ আছে: Article 6: Islam shall be the state religion. The state shall guarantee freedom of worship for all. [মরক্কোর সংবিধান: http://goo.gl/3y08p7] ৫. আলজেরিয়ার রাষ্ট্রধর্ম ইসলাম। সংবিধানের Article 2 তে আছে: [State Religion] Islam is the religion of the State. [আলজেরিয়ার মূল সংবিধান: http://goo.gl/3CEtdC অনুবাদ: http://goo.gl/Htio6a] ৬. ইন্দোনেশিয়ার রাষ্ট্রধর্ম ইসলাম। সংবিধানের Article 29 এ বলা হয়েছে Religion: (1) The State shall be based upon the belief in the One and Only God. (2) The State guarantees all persons the freedom of worship, each according to his/her own religion or belief. এক ও একমাত্র গডে বিশ্বাস ইসলাম ছাড়া অন্য কোনো ধর্মে নেই। [ইন্দোনেশিয়ার সংবিধান: http://goo.gl/QemKDm] এ ছাড়া আরো যেসব দেশে রাষ্ট্রধর্ম ইসলাম: Afghanistan, Algeria, Bahrain, Brunei, Egypt, Jordan, Kuwait, Libya, Maldives, Mauritania, Morocco, Oman, Pakistan, Qatar, Saudi, Arabia, Somalia, Somaliland, Tunisia, Turkey, United Arab Emirates, Yemen, Maldives, Pakistan, Saudi Arabia. [দেখুন: https://goo.gl/GWzkfE] অথচ কী সুন্দর গলাবাজি করে বারবার মালয়েশিয়া ও ইন্দোনেশিয়ার কথা বলা হচ্ছিল! দ্বিতীয় প্রশ্নে জানতে চাওয়া হয়, রাষ্ট্রধর্মে ইসলাম না থাকলে কি দেশে ইসলাম থাকবে না? আমাদের প্রশ্ন, রাষ্ট্রধর্মে ইসলাম থাকা- না থাকা যদি সমান হয়, তাহলে থাকতে এত সমস্যা কেন? তৃতীয় প্রশ্নের উত্তরে বলি, রাজনীতিটা মতলবেরই, মতলব ছাড়া কে কবে কথা বলে! বাকী মতলবটা জনগণের উপকারী হলো কিনা, প্রশ্ন সেটা। আমাদের পাল্টা প্রশ্ন, ৭২ -এর সংবিধানে কেন রাষ্ট্রধর্ম ইসলাম স্থান পায় নি? কেন সেখানে সেকুলারিজম জায়গা পেল? সেখানে কাদের মতলব ছিল? দেশের জনসংখ্যার কত পার্সেন্ট তখন সেকুলার ছিল? আমরা তো রোজা রেখে মুক্তিযুদ্ধ করার গল্প জেনেছি, নামাযে দোয়া করে যুদ্ধে বের হওয়ার দৃষ্টান্ত দেখেছি। তাহলে তাদের ত্যাগের এত অমর্যাদা কেন? == মাত্র ৫-৭ মিনিটের কথায় এত গলাবাজি আর মিথ্যার আশ্রয় নিলে কীভাবে হবে ভাই! সত্য দিয়ে মোকাবিলা করুন, যদি বুদ্ধিমান ও সাহসী হয়ে থাকেন! [মাওলানা Yousuf Sultan সাহেবের লেখা ]",B,2,2,UBMEC,NONE,11050|11079,UBMEC|UBMEC,"(1, 0, 0, 0, 0, 0) | (0, 0, 0, 0, 1, 0)",1|0,0|0,0|0,0|0,0|1,0|0,RETAINED_UNRESOLVED — requires user decision,PENDING
