duplicate_group_id,text_hash,original_text_snippet,group_type,source_dataset,source_split,source_row_id,anger,disgust,fear,joy,sadness,surprise,reason,resolution,approved_by,timestamp
68806a304a59,68806a304a59,"Yousuf Kazi পৃথিবীতে এখনও আপনার মত কিছু মানুষ আছে বলে,পৃথিবীটা এখনও এত সুন্দর।ধর",B,UBMEC,NONE,8385,0,0,0,1,0,0,conflicting_duplicate — same text with different label vectors in this group,DROP,User decision 2026-09-19,2026-09-19 12:37:46
68806a304a59,68806a304a59,"Yousuf Kazi পৃথিবীতে এখনও আপনার মত কিছু মানুষ আছে বলে,পৃথিবীটা এখনও এত সুন্দর।ধর",B,UBMEC,NONE,9239,0,0,1,0,0,0,conflicting_duplicate — same text with different label vectors in this group,DROP,User decision 2026-09-19,2026-09-19 12:37:46
005fcd560a8f,005fcd560a8f,অপরাধ কারী এবং অপরাধী কে প্রশ্রয় দানকারী দুজনেই সমান অপরাধী ? এদেকে কি বলে মোনা,B,UBMEC,NONE,8260,1,0,0,0,0,0,conflicting_duplicate — same text with different label vectors in this group,DROP,User decision 2026-09-19,2026-09-19 12:37:46
005fcd560a8f,005fcd560a8f,অপরাধ কারী এবং অপরাধী কে প্রশ্রয় দানকারী দুজনেই সমান অপরাধী ? এদেকে কি বলে মোনা,B,UBMEC,NONE,8299,0,0,0,0,1,0,conflicting_duplicate — same text with different label vectors in this group,DROP,User decision 2026-09-19,2026-09-19 12:37:46
005fcd560a8f,005fcd560a8f,অপরাধ কারী এবং অপরাধী কে প্রশ্রয় দানকারী দুজনেই সমান অপরাধী ? এদেকে কি বলে মোনা,B,UBMEC,NONE,8363,0,1,0,0,0,0,conflicting_duplicate — same text with different label vectors in this group,DROP,User decision 2026-09-19,2026-09-19 12:37:46
005fcd560a8f,005fcd560a8f,অপরাধ কারী এবং অপরাধী কে প্রশ্রয় দানকারী দুজনেই সমান অপরাধী ? এদেকে কি বলে মোনা,B,UBMEC,NONE,8563,0,0,0,0,1,0,conflicting_duplicate — same text with different label vectors in this group,DROP,User decision 2026-09-19,2026-09-19 12:37:46
005fcd560a8f,005fcd560a8f,অপরাধ কারী এবং অপরাধী কে প্রশ্রয় দানকারী দুজনেই সমান অপরাধী ? এদেকে কি বলে মোনা,B,UBMEC,NONE,8564,0,0,0,0,1,0,conflicting_duplicate — same text with different label vectors in this group,DROP,User decision 2026-09-19,2026-09-19 12:37:46
005fcd560a8f,005fcd560a8f,অপরাধ কারী এবং অপরাধী কে প্রশ্রয় দানকারী দুজনেই সমান অপরাধী ? এদেকে কি বলে মোনা,B,UBMEC,NONE,8565,0,0,0,0,1,0,conflicting_duplicate — same text with different label vectors in this group,DROP,User decision 2026-09-19,2026-09-19 12:37:46
005fcd560a8f,005fcd560a8f,অপরাধ কারী এবং অপরাধী কে প্রশ্রয় দানকারী দুজনেই সমান অপরাধী ? এদেকে কি বলে মোনা,B,UBMEC,NONE,8566,0,0,0,0,1,0,conflicting_duplicate — same text with different label vectors in this group,DROP,User decision 2026-09-19,2026-09-19 12:37:46
005fcd560a8f,005fcd560a8f,অপরাধ কারী এবং অপরাধী কে প্রশ্রয় দানকারী দুজনেই সমান অপরাধী ? এদেকে কি বলে মোনা,B,UBMEC,NONE,8567,0,0,0,0,1,0,conflicting_duplicate — same text with different label vectors in this group,DROP,User decision 2026-09-19,2026-09-19 12:37:46
005fcd560a8f,005fcd560a8f,অপরাধ কারী এবং অপরাধী কে প্রশ্রয় দানকারী দুজনেই সমান অপরাধী ? এদেকে কি বলে মোনা,B,UBMEC,NONE,8568,0,0,0,0,1,0,conflicting_duplicate — same text with different label vectors in this group,DROP,User decision 2026-09-19,2026-09-19 12:37:46
005fcd560a8f,005fcd560a8f,অপরাধ কারী এবং অপরাধী কে প্রশ্রয় দানকারী দুজনেই সমান অপরাধী ? এদেকে কি বলে মোনা,B,UBMEC,NONE,8569,0,0,0,0,1,0,conflicting_duplicate — same text with different label vectors in this group,DROP,User decision 2026-09-19,2026-09-19 12:37:46
005fcd560a8f,005fcd560a8f,অপরাধ কারী এবং অপরাধী কে প্রশ্রয় দানকারী দুজনেই সমান অপরাধী ? এদেকে কি বলে মোনা,B,UBMEC,NONE,8570,0,0,0,0,1,0,conflicting_duplicate — same text with different label vectors in this group,DROP,User decision 2026-09-19,2026-09-19 12:37:46
005fcd560a8f,005fcd560a8f,অপরাধ কারী এবং অপরাধী কে প্রশ্রয় দানকারী দুজনেই সমান অপরাধী ? এদেকে কি বলে মোনা,B,UBMEC,NONE,8571,0,0,0,0,1,0,conflicting_duplicate — same text with different label vectors in this group,DROP,User decision 2026-09-19,2026-09-19 12:37:46
005fcd560a8f,005fcd560a8f,অপরাধ কারী এবং অপরাধী কে প্রশ্রয় দানকারী দুজনেই সমান অপরাধী ? এদেকে কি বলে মোনা,B,UBMEC,NONE,8572,0,0,0,0,1,0,conflicting_duplicate — same text with different label vectors in this group,DROP,User decision 2026-09-19,2026-09-19 12:37:46
005fcd560a8f,005fcd560a8f,অপরাধ কারী এবং অপরাধী কে প্রশ্রয় দানকারী দুজনেই সমান অপরাধী ? এদেকে কি বলে মোনা,B,UBMEC,NONE,8573,0,0,0,0,1,0,conflicting_duplicate — same text with different label vectors in this group,DROP,User decision 2026-09-19,2026-09-19 12:37:46
523358193c2a,523358193c2a,অমানুষ,D,UBMEC,NONE,9653,0,1,0,0,0,0,conflicting_duplicate — same text with different label vectors in this group,DROP,User decision 2026-09-19,2026-09-19 12:37:46
523358193c2a,523358193c2a,অমানুষ,D,MONOVAB,NONE,25775,1,0,0,0,0,0,conflicting_duplicate — same text with different label vectors in this group,DROP,User decision 2026-09-19,2026-09-19 12:37:46
523358193c2a,523358193c2a,অমানুষ,D,MONOVAB,NONE,51683,1,0,0,0,0,0,conflicting_duplicate — same text with different label vectors in this group,DROP,User decision 2026-09-19,2026-09-19 12:37:46
76353fbca55e,76353fbca55e,অসাধারণ,D,UBMEC,NONE,10401,0,0,0,1,0,0,conflicting_duplicate — same text with different label vectors in this group,DROP,User decision 2026-09-19,2026-09-19 12:37:46
76353fbca55e,76353fbca55e,অসাধারণ,D,UBMEC,NONE,11505,0,0,0,0,0,1,conflicting_duplicate — same text with different label vectors in this group,DROP,User decision 2026-09-19,2026-09-19 12:37:46
76353fbca55e,76353fbca55e,অসাধারণ,D,UBMEC,NONE,11519,0,0,0,0,0,1,conflicting_duplicate — same text with different label vectors in this group,DROP,User decision 2026-09-19,2026-09-19 12:37:46
76353fbca55e,76353fbca55e,অসাধারণ,D,UBMEC,NONE,12624,0,0,0,1,0,0,conflicting_duplicate — same text with different label vectors in this group,DROP,User decision 2026-09-19,2026-09-19 12:37:46
76353fbca55e,76353fbca55e,অসাধারণ,D,MONOVAB,NONE,38207,0,0,0,1,0,0,conflicting_duplicate — same text with different label vectors in this group,DROP,User decision 2026-09-19,2026-09-19 12:37:46
bbd6ce9d5620,bbd6ce9d5620,অসাধারন,D,UBMEC,NONE,11511,0,0,0,0,0,1,conflicting_duplicate — same text with different label vectors in this group,DROP,User decision 2026-09-19,2026-09-19 12:37:46
bbd6ce9d5620,bbd6ce9d5620,অসাধারন,D,MONOVAB,NONE,37803,0,0,0,1,0,0,conflicting_duplicate — same text with different label vectors in this group,DROP,User decision 2026-09-19,2026-09-19 12:37:46
b5a60694ebbc,b5a60694ebbc,"আজ আমার বোন,কাল আপনার বোন, পরে আপনার মেয়ে,তার আরেকজন এর পালা, এই ভাবে চলতে থাকলে",B,UBMEC,NONE,11112,0,0,1,0,0,0,conflicting_duplicate — same text with different label vectors in this group,DROP,User decision 2026-09-19,2026-09-19 12:37:46
b5a60694ebbc,b5a60694ebbc,"আজ আমার বোন,কাল আপনার বোন, পরে আপনার মেয়ে,তার আরেকজন এর পালা, এই ভাবে চলতে থাকলে",B,UBMEC,NONE,11162,1,0,0,0,0,0,conflicting_duplicate — same text with different label vectors in this group,DROP,User decision 2026-09-19,2026-09-19 12:37:46
b5a60694ebbc,b5a60694ebbc,"আজ আমার বোন,কাল আপনার বোন, পরে আপনার মেয়ে,তার আরেকজন এর পালা, এই ভাবে চলতে থাকলে",B,UBMEC,NONE,11167,1,0,0,0,0,0,conflicting_duplicate — same text with different label vectors in this group,DROP,User decision 2026-09-19,2026-09-19 12:37:46
64eacb863fbc,64eacb863fbc,আন্তর্জাতিক শ্রম সংস্থার  আইএলও  প্রতিষ্ঠার শতবর্ষ পালন উপলক্ষে গিনেস রেকর্ড ভাঙ,B,UBMEC,NONE,1928,0,0,0,0,0,1,conflicting_duplicate — same text with different label vectors in this group,DROP,User decision 2026-09-19,2026-09-19 12:37:46
64eacb863fbc,64eacb863fbc,আন্তর্জাতিক শ্রম সংস্থার  আইএলও  প্রতিষ্ঠার শতবর্ষ পালন উপলক্ষে গিনেস রেকর্ড ভাঙ,B,UBMEC,NONE,1929,0,0,0,1,0,0,conflicting_duplicate — same text with different label vectors in this group,DROP,User decision 2026-09-19,2026-09-19 12:37:46
f555b3ed94fc,f555b3ed94fc,আমরা কি স্ট্যাটাসের বাকি লাইনগুলো অস্বীকার করবো ? কোনটির আগে বিচার হওয়া উচিত ?? ,B,UBMEC,NONE,7333,1,0,0,0,0,0,conflicting_duplicate — same text with different label vectors in this group,DROP,User decision 2026-09-19,2026-09-19 12:37:46
f555b3ed94fc,f555b3ed94fc,আমরা কি স্ট্যাটাসের বাকি লাইনগুলো অস্বীকার করবো ? কোনটির আগে বিচার হওয়া উচিত ?? ,B,UBMEC,NONE,7456,0,0,0,0,0,1,conflicting_duplicate — same text with different label vectors in this group,DROP,User decision 2026-09-19,2026-09-19 12:37:46
f555b3ed94fc,f555b3ed94fc,আমরা কি স্ট্যাটাসের বাকি লাইনগুলো অস্বীকার করবো ? কোনটির আগে বিচার হওয়া উচিত ?? ,B,UBMEC,NONE,7473,0,0,0,0,1,0,conflicting_duplicate — same text with different label vectors in this group,DROP,User decision 2026-09-19,2026-09-19 12:37:46
05b6974d19f7,05b6974d19f7,আমরা জানি আপনাদের কাছে আমরা কোন সত্য বা বাস্তব ঘটনা কখনোই আশা করি না কারণ আমরা প,D,EmoNoBa,NONE,5485,1,0,0,0,0,0,conflicting_duplicate — same text with different label vectors in this group,DROP,User decision 2026-09-19,2026-09-19 12:37:46
05b6974d19f7,05b6974d19f7,আমরা জানি আপনাদের কাছে আমরা কোন সত্য বা বাস্তব ঘটনা কখনোই আশা করি না কারণ আমরা প,D,UBMEC,NONE,2038,0,0,0,0,1,0,conflicting_duplicate — same text with different label vectors in this group,DROP,User decision 2026-09-19,2026-09-19 12:37:46
248e4d14edf5,248e4d14edf5,আমরা যারা ছাএ আছি আমাদের ত NID CARD নাই তাহলে আমরা কি সিম ব্যবহার করতে পারব না,B,UBMEC,NONE,11593,0,0,0,0,0,1,conflicting_duplicate — same text with different label vectors in this group,DROP,User decision 2026-09-19,2026-09-19 12:37:46
248e4d14edf5,248e4d14edf5,আমরা যারা ছাএ আছি আমাদের ত NID CARD নাই তাহলে আমরা কি সিম ব্যবহার করতে পারব না,B,UBMEC,NONE,11628,0,0,0,0,1,0,conflicting_duplicate — same text with different label vectors in this group,DROP,User decision 2026-09-19,2026-09-19 12:37:46
248e4d14edf5,248e4d14edf5,আমরা যারা ছাএ আছি আমাদের ত NID CARD নাই তাহলে আমরা কি সিম ব্যবহার করতে পারব না,B,UBMEC,NONE,11648,0,0,0,0,1,0,conflicting_duplicate — same text with different label vectors in this group,DROP,User decision 2026-09-19,2026-09-19 12:37:46
4baa8570ac1b,4baa8570ac1b,"আমার অন্তরের অন্তথল থেকে ছাত্রদের জন্ন্য দোয়া রইলো, নিউ মাকেটের ডাকাত ব্যাবসায়ীদ",B,MONOVAB,NONE,4056,1,1,0,0,0,0,conflicting_duplicate — same text with different label vectors in this group,DROP,User decision 2026-09-19,2026-09-19 12:37:46
4baa8570ac1b,4baa8570ac1b,"আমার অন্তরের অন্তথল থেকে ছাত্রদের জন্ন্য দোয়া রইলো, নিউ মাকেটের ডাকাত ব্যাবসায়ীদ",B,MONOVAB,NONE,4457,0,1,0,0,1,0,conflicting_duplicate — same text with different label vectors in this group,DROP,User decision 2026-09-19,2026-09-19 12:37:46
7c2eb39a8f0f,7c2eb39a8f0f,"আমি একমাত্র সরকারি কোন কাজে আঙ্গুলের চাপ দিতে রাজি আছি, শিক্ষিত ব্যক্তি আঙ্গুলের",B,UBMEC,NONE,11606,0,0,0,0,0,1,conflicting_duplicate — same text with different label vectors in this group,DROP,User decision 2026-09-19,2026-09-19 12:37:46
7c2eb39a8f0f,7c2eb39a8f0f,"আমি একমাত্র সরকারি কোন কাজে আঙ্গুলের চাপ দিতে রাজি আছি, শিক্ষিত ব্যক্তি আঙ্গুলের",B,UBMEC,NONE,11651,0,0,1,0,0,0,conflicting_duplicate — same text with different label vectors in this group,DROP,User decision 2026-09-19,2026-09-19 12:37:46
694b814e8455,694b814e8455,আমি সবসময় নিজেক সুখী ভাবি  কারণ আমি কখনো কারো কাছে কিছু প্রত্যাশা করি না  কারো ,B,UBMEC,NONE,2451,0,0,0,1,0,0,conflicting_duplicate — same text with different label vectors in this group,DROP,User decision 2026-09-19,2026-09-19 12:37:46
694b814e8455,694b814e8455,আমি সবসময় নিজেক সুখী ভাবি  কারণ আমি কখনো কারো কাছে কিছু প্রত্যাশা করি না  কারো ,B,UBMEC,NONE,2452,0,0,0,0,1,0,conflicting_duplicate — same text with different label vectors in this group,DROP,User decision 2026-09-19,2026-09-19 12:37:46
c99ec41d5b1d,c99ec41d5b1d,আর মিষ্টিতে তো প্রতিদিনই পোকা ধরে ,B,EmoNoBa,Train,25708,1,0,0,0,0,0,conflicting_duplicate — same text with different label vectors in this group,DROP,User decision 2026-09-19,2026-09-19 12:37:46
c99ec41d5b1d,c99ec41d5b1d,আর মিষ্টিতে তো প্রতিদিনই পোকা ধরে ,B,EmoNoBa,Train,16313,0,0,0,0,1,0,conflicting_duplicate — same text with different label vectors in this group,DROP,User decision 2026-09-19,2026-09-19 12:37:46
cef59c29126f,cef59c29126f,"ইমরান এইচ এর সহযোগি থাবা মগাচিপ, অনন্য আজাদ (চুমা চুমির ইভেন্টের জনক) দের মুক্ত ",B,UBMEC,NONE,8263,0,1,0,0,0,0,conflicting_duplicate — same text with different label vectors in this group,DROP,User decision 2026-09-19,2026-09-19 12:37:46
cef59c29126f,cef59c29126f,"ইমরান এইচ এর সহযোগি থাবা মগাচিপ, অনন্য আজাদ (চুমা চুমির ইভেন্টের জনক) দের মুক্ত ",B,UBMEC,NONE,8378,0,1,0,0,0,0,conflicting_duplicate — same text with different label vectors in this group,DROP,User decision 2026-09-19,2026-09-19 12:37:46
cef59c29126f,cef59c29126f,"ইমরান এইচ এর সহযোগি থাবা মগাচিপ, অনন্য আজাদ (চুমা চুমির ইভেন্টের জনক) দের মুক্ত ",B,UBMEC,NONE,8393,0,0,0,0,1,0,conflicting_duplicate — same text with different label vectors in this group,DROP,User decision 2026-09-19,2026-09-19 12:37:46
cef59c29126f,cef59c29126f,"ইমরান এইচ এর সহযোগি থাবা মগাচিপ, অনন্য আজাদ (চুমা চুমির ইভেন্টের জনক) দের মুক্ত ",B,UBMEC,NONE,8395,0,0,0,0,1,0,conflicting_duplicate — same text with different label vectors in this group,DROP,User decision 2026-09-19,2026-09-19 12:37:46
cef59c29126f,cef59c29126f,"ইমরান এইচ এর সহযোগি থাবা মগাচিপ, অনন্য আজাদ (চুমা চুমির ইভেন্টের জনক) দের মুক্ত ",B,UBMEC,NONE,8408,0,0,0,0,1,0,conflicting_duplicate — same text with different label vectors in this group,DROP,User decision 2026-09-19,2026-09-19 12:37:46
3195f7754166,3195f7754166,"ইসলাম রক্ষায় শুধু ভারতীয় নয়, ইসরাইলের পন্য নয়, ইউরোপীয় পন্য নয় সবার আগে বর্জন কর",B,UBMEC,NONE,11037,1,0,0,0,0,0,conflicting_duplicate — same text with different label vectors in this group,DROP,User decision 2026-09-19,2026-09-19 12:37:46
3195f7754166,3195f7754166,"ইসলাম রক্ষায় শুধু ভারতীয় নয়, ইসরাইলের পন্য নয়, ইউরোপীয় পন্য নয় সবার আগে বর্জন কর",B,UBMEC,NONE,11056,0,0,0,0,0,1,conflicting_duplicate — same text with different label vectors in this group,DROP,User decision 2026-09-19,2026-09-19 12:37:46
3195f7754166,3195f7754166,"ইসলাম রক্ষায় শুধু ভারতীয় নয়, ইসরাইলের পন্য নয়, ইউরোপীয় পন্য নয় সবার আগে বর্জন কর",B,UBMEC,NONE,11127,0,0,0,0,1,0,conflicting_duplicate — same text with different label vectors in this group,DROP,User decision 2026-09-19,2026-09-19 12:37:46
3195f7754166,3195f7754166,"ইসলাম রক্ষায় শুধু ভারতীয় নয়, ইসরাইলের পন্য নয়, ইউরোপীয় পন্য নয় সবার আগে বর্জন কর",B,UBMEC,NONE,11193,0,0,0,0,1,0,conflicting_duplicate — same text with different label vectors in this group,DROP,User decision 2026-09-19,2026-09-19 12:37:46
0dda5043bb40,0dda5043bb40,উগ্র কম জ্ঞ্যানী শিক্ষক ও লজ্জার কারন।,B,MONOVAB,NONE,14937,1,0,0,0,0,0,conflicting_duplicate — same text with different label vectors in this group,DROP,User decision 2026-09-19,2026-09-19 12:37:46
0dda5043bb40,0dda5043bb40,উগ্র কম জ্ঞ্যানী শিক্ষক ও লজ্জার কারন।,B,MONOVAB,NONE,15334,0,1,0,0,0,0,conflicting_duplicate — same text with different label vectors in this group,DROP,User decision 2026-09-19,2026-09-19 12:37:46
0dda5043bb40,0dda5043bb40,উগ্র কম জ্ঞ্যানী শিক্ষক ও লজ্জার কারন।,B,MONOVAB,NONE,15341,0,1,0,0,0,0,conflicting_duplicate — same text with different label vectors in this group,DROP,User decision 2026-09-19,2026-09-19 12:37:46
f2390c1c2560,f2390c1c2560,উনি যেভাবে কথা বলতেছে মনে হয় উনি জনগনের বিপুল পরিমান ভোট পেয়ে ক্ষমতায় এসেছেন  নি,B,UBMEC,NONE,2695,1,0,0,0,0,0,conflicting_duplicate — same text with different label vectors in this group,DROP,User decision 2026-09-19,2026-09-19 12:37:46
f2390c1c2560,f2390c1c2560,উনি যেভাবে কথা বলতেছে মনে হয় উনি জনগনের বিপুল পরিমান ভোট পেয়ে ক্ষমতায় এসেছেন  নি,B,UBMEC,NONE,2696,0,1,0,0,0,0,conflicting_duplicate — same text with different label vectors in this group,DROP,User decision 2026-09-19,2026-09-19 12:37:46
18bdd66b5722,18bdd66b5722,এই অফিসে প্রয়োজনের তুলনায় কর্মী বেশি। কর্মী ছাঁটাই করা হোক। পরের সপ্তাহেই বেশ কয়,B,EmoNoBa,Train,1380,1,0,0,0,1,0,conflicting_duplicate — same text with different label vectors in this group,DROP,User decision 2026-09-19,2026-09-19 12:37:46
18bdd66b5722,18bdd66b5722,এই অফিসে প্রয়োজনের তুলনায় কর্মী বেশি। কর্মী ছাঁটাই করা হোক। পরের সপ্তাহেই বেশ কয়,B,EmoNoBa,Train,12051,1,0,0,0,0,0,conflicting_duplicate — same text with different label vectors in this group,DROP,User decision 2026-09-19,2026-09-19 12:37:46
275ea4484c37,275ea4484c37,"এই সেই লোক যে, রাজাকার শিরমণি গু আজমের পরিবার কে গায়ের জোরে ভি আই পি সুবিধা দিয়ে",B,UBMEC,NONE,12126,1,0,0,0,0,0,conflicting_duplicate — same text with different label vectors in this group,DROP,User decision 2026-09-19,2026-09-19 12:37:46
275ea4484c37,275ea4484c37,"এই সেই লোক যে, রাজাকার শিরমণি গু আজমের পরিবার কে গায়ের জোরে ভি আই পি সুবিধা দিয়ে",B,UBMEC,NONE,12133,1,0,0,0,0,0,conflicting_duplicate — same text with different label vectors in this group,DROP,User decision 2026-09-19,2026-09-19 12:37:46
275ea4484c37,275ea4484c37,"এই সেই লোক যে, রাজাকার শিরমণি গু আজমের পরিবার কে গায়ের জোরে ভি আই পি সুবিধা দিয়ে",B,UBMEC,NONE,12387,0,0,0,0,1,0,conflicting_duplicate — same text with different label vectors in this group,DROP,User decision 2026-09-19,2026-09-19 12:37:46
e63b8263ee6b,e63b8263ee6b,একটি সুখের সংসার ধ্বংস করার জন্য শয়তান যতগুলো অস্ত্র আবিস্কার করেছে তার মধ্যে মা,B,UBMEC,NONE,3016,0,1,0,0,0,0,conflicting_duplicate — same text with different label vectors in this group,DROP,User decision 2026-09-19,2026-09-19 12:37:46
e63b8263ee6b,e63b8263ee6b,একটি সুখের সংসার ধ্বংস করার জন্য শয়তান যতগুলো অস্ত্র আবিস্কার করেছে তার মধ্যে মা,B,UBMEC,NONE,3017,0,0,0,0,1,0,conflicting_duplicate — same text with different label vectors in this group,DROP,User decision 2026-09-19,2026-09-19 12:37:46
9f636c700950,9f636c700950,একমত!,D,UBMEC,NONE,9838,0,0,0,1,0,0,conflicting_duplicate — same text with different label vectors in this group,DROP,User decision 2026-09-19,2026-09-19 12:37:46
9f636c700950,9f636c700950,একমত!,D,MONOVAB,NONE,28359,1,0,0,0,0,0,conflicting_duplicate — same text with different label vectors in this group,DROP,User decision 2026-09-19,2026-09-19 12:37:46
13b090757e3b,13b090757e3b,একমত।,D,UBMEC,NONE,10006,0,0,0,1,0,0,conflicting_duplicate — same text with different label vectors in this group,DROP,User decision 2026-09-19,2026-09-19 12:37:46
13b090757e3b,13b090757e3b,একমত।,D,MONOVAB,NONE,27779,1,0,0,0,0,0,conflicting_duplicate — same text with different label vectors in this group,DROP,User decision 2026-09-19,2026-09-19 12:37:46
19dbb05752b0,19dbb05752b0,ঐ নিরাপত্তা প্রধানই সকল চুরির হোতা। ওনাকে যথাযথ আইনি প্রক্রিয়ায় এনে বিচার করা হো,B,UBMEC,NONE,12269,0,0,0,1,0,0,conflicting_duplicate — same text with different label vectors in this group,DROP,User decision 2026-09-19,2026-09-19 12:37:46
19dbb05752b0,19dbb05752b0,ঐ নিরাপত্তা প্রধানই সকল চুরির হোতা। ওনাকে যথাযথ আইনি প্রক্রিয়ায় এনে বিচার করা হো,B,UBMEC,NONE,12338,0,0,0,0,1,0,conflicting_duplicate — same text with different label vectors in this group,DROP,User decision 2026-09-19,2026-09-19 12:37:46
19dbb05752b0,19dbb05752b0,ঐ নিরাপত্তা প্রধানই সকল চুরির হোতা। ওনাকে যথাযথ আইনি প্রক্রিয়ায় এনে বিচার করা হো,B,UBMEC,NONE,12347,0,0,1,0,0,0,conflicting_duplicate — same text with different label vectors in this group,DROP,User decision 2026-09-19,2026-09-19 12:37:46
9de06f09b00f,9de06f09b00f,ওদের কিছু করতে পারবে না কারন তাদের কথায় থানা পুলিশ উঠে আর বসে  আর এমপি মন্ত্রি ত,B,UBMEC,NONE,3355,1,0,0,0,0,0,conflicting_duplicate — same text with different label vectors in this group,DROP,User decision 2026-09-19,2026-09-19 12:37:46
9de06f09b00f,9de06f09b00f,ওদের কিছু করতে পারবে না কারন তাদের কথায় থানা পুলিশ উঠে আর বসে  আর এমপি মন্ত্রি ত,B,UBMEC,NONE,3356,0,0,1,0,0,0,conflicting_duplicate — same text with different label vectors in this group,DROP,User decision 2026-09-19,2026-09-19 12:37:46
9de06f09b00f,9de06f09b00f,ওদের কিছু করতে পারবে না কারন তাদের কথায় থানা পুলিশ উঠে আর বসে  আর এমপি মন্ত্রি ত,B,UBMEC,NONE,3357,0,0,0,0,1,0,conflicting_duplicate — same text with different label vectors in this group,DROP,User decision 2026-09-19,2026-09-19 12:37:46
ce8ae90a3136,ce8ae90a3136,ওরা মানুষ না,B,UBMEC,NONE,9659,0,0,0,0,1,0,conflicting_duplicate — same text with different label vectors in this group,DROP,User decision 2026-09-19,2026-09-19 12:37:46
ce8ae90a3136,ce8ae90a3136,ওরা মানুষ না,B,UBMEC,NONE,9733,0,1,0,0,0,0,conflicting_duplicate — same text with different label vectors in this group,DROP,User decision 2026-09-19,2026-09-19 12:37:46
a0642ff28ce0,a0642ff28ce0,কক্সবাজারের কুতুবদিয়া উপজেলায় দুই স্কুলছাত্রকে অচেতন করে ধর্ষণের অভিযোগ উঠেছে  এ,B,UBMEC,NONE,3405,1,0,0,0,0,0,conflicting_duplicate — same text with different label vectors in this group,DROP,User decision 2026-09-19,2026-09-19 12:37:46
a0642ff28ce0,a0642ff28ce0,কক্সবাজারের কুতুবদিয়া উপজেলায় দুই স্কুলছাত্রকে অচেতন করে ধর্ষণের অভিযোগ উঠেছে  এ,B,UBMEC,NONE,3406,0,1,0,0,0,0,conflicting_duplicate — same text with different label vectors in this group,DROP,User decision 2026-09-19,2026-09-19 12:37:46
6a256693f16f,6a256693f16f,কঠোর ব্যবস্থা নেওয়া উচিত । শাস্তি দিতে হবে না হলে অপকর্ম বাড়বে,B,UBMEC,NONE,12229,1,0,0,0,0,0,conflicting_duplicate — same text with different label vectors in this group,DROP,User decision 2026-09-19,2026-09-19 12:37:46
6a256693f16f,6a256693f16f,কঠোর ব্যবস্থা নেওয়া উচিত । শাস্তি দিতে হবে না হলে অপকর্ম বাড়বে,B,UBMEC,NONE,12380,0,0,0,0,1,0,conflicting_duplicate — same text with different label vectors in this group,DROP,User decision 2026-09-19,2026-09-19 12:37:46
b9a021760f69,b9a021760f69,কিছু বলার নাই ,D,EmoNoBa,NONE,11121,1,0,0,0,0,0,conflicting_duplicate — same text with different label vectors in this group,DROP,User decision 2026-09-19,2026-09-19 12:37:46
b9a021760f69,b9a021760f69,কিছু বলার নাই ,D,MONOVAB,NONE,26011,1,0,0,0,1,0,conflicting_duplicate — same text with different label vectors in this group,DROP,User decision 2026-09-19,2026-09-19 12:37:46
b9d36299151b,b9d36299151b,কিছু ভিনগ্রহের আবাল ইউটিউব চালায়  এতো  সুন্দর একটা ভিডিও তে ডিসলাইক দেয় এইসব ডিস,B,UBMEC,NONE,3621,1,0,0,0,0,0,conflicting_duplicate — same text with different label vectors in this group,DROP,User decision 2026-09-19,2026-09-19 12:37:46
b9d36299151b,b9d36299151b,কিছু ভিনগ্রহের আবাল ইউটিউব চালায়  এতো  সুন্দর একটা ভিডিও তে ডিসলাইক দেয় এইসব ডিস,B,UBMEC,NONE,3622,0,1,0,0,0,0,conflicting_duplicate — same text with different label vectors in this group,DROP,User decision 2026-09-19,2026-09-19 12:37:46
2b83be9603b5,2b83be9603b5,কিন্তু তার স্থান পায়েই হয় ,B,EmoNoBa,Train,10017,1,0,0,0,1,0,conflicting_duplicate — same text with different label vectors in this group,DROP,User decision 2026-09-19,2026-09-19 12:37:46
2b83be9603b5,2b83be9603b5,কিন্তু তার স্থান পায়েই হয় ,B,EmoNoBa,Train,27915,1,0,0,0,0,0,conflicting_duplicate — same text with different label vectors in this group,DROP,User decision 2026-09-19,2026-09-19 12:37:46
878b8c92e620,878b8c92e620,কুকুরের বাচ্চা।,D,UBMEC,NONE,9676,1,0,0,0,0,0,conflicting_duplicate — same text with different label vectors in this group,DROP,User decision 2026-09-19,2026-09-19 12:37:46
878b8c92e620,878b8c92e620,কুকুরের বাচ্চা।,D,MONOVAB,NONE,25496,1,1,0,0,0,0,conflicting_duplicate — same text with different label vectors in this group,DROP,User decision 2026-09-19,2026-09-19 12:37:46
5377b43a2bb2,5377b43a2bb2,ক্যাম্পাসের সবচেয়ে সুন্দর ব্যাপারটা ফুটে উঠছে  রাতের বাসের মোহ  একদম জীবন্ত লাগত,B,UBMEC,NONE,3790,0,0,0,0,0,1,conflicting_duplicate — same text with different label vectors in this group,DROP,User decision 2026-09-19,2026-09-19 12:37:46
5377b43a2bb2,5377b43a2bb2,ক্যাম্পাসের সবচেয়ে সুন্দর ব্যাপারটা ফুটে উঠছে  রাতের বাসের মোহ  একদম জীবন্ত লাগত,B,UBMEC,NONE,3791,0,0,0,1,0,0,conflicting_duplicate — same text with different label vectors in this group,DROP,User decision 2026-09-19,2026-09-19 12:37:46
d199b7f1ec16,d199b7f1ec16,চোখে পানি চলে আসলো। ,D,EmoNoBa,NONE,3527,1,0,0,0,0,0,conflicting_duplicate — same text with different label vectors in this group,DROP,User decision 2026-09-19,2026-09-19 12:37:46
d199b7f1ec16,d199b7f1ec16,চোখে পানি চলে আসলো। ,D,UBMEC,NONE,11377,0,0,0,0,1,0,conflicting_duplicate — same text with different label vectors in this group,DROP,User decision 2026-09-19,2026-09-19 12:37:46
5d69e8e93519,5d69e8e93519,চোরের মার বড় গলা। ,D,EmoNoBa,NONE,26821,0,0,0,0,1,0,conflicting_duplicate — same text with different label vectors in this group,DROP,User decision 2026-09-19,2026-09-19 12:37:46
5d69e8e93519,5d69e8e93519,চোরের মার বড় গলা। ,D,UBMEC,NONE,12087,1,0,0,0,0,0,conflicting_duplicate — same text with different label vectors in this group,DROP,User decision 2026-09-19,2026-09-19 12:37:46
ef65e7d6ff82,ef65e7d6ff82,ছাগল,D,UBMEC,NONE,9750,0,1,0,0,0,0,conflicting_duplicate — same text with different label vectors in this group,DROP,User decision 2026-09-19,2026-09-19 12:37:46
ef65e7d6ff82,ef65e7d6ff82,ছাগল,D,MONOVAB,NONE,26073,1,0,0,0,0,0,conflicting_duplicate — same text with different label vectors in this group,DROP,User decision 2026-09-19,2026-09-19 12:37:46
7859573b823b,7859573b823b,ছি ছি ছি,B,MONOVAB,NONE,199,1,1,0,0,0,0,conflicting_duplicate — same text with different label vectors in this group,DROP,User decision 2026-09-19,2026-09-19 12:37:46
7859573b823b,7859573b823b,ছি ছি ছি,B,MONOVAB,NONE,26053,1,0,0,0,1,0,conflicting_duplicate — same text with different label vectors in this group,DROP,User decision 2026-09-19,2026-09-19 12:37:46
809694098ebe,809694098ebe,"ছেলে গেলে ছেলে পাবে,,,বৈশাখের আনন্দ গেলে পাওয়া এটা আর পাওয়া যাবে না,,,,,,এরা মেল",B,UBMEC,NONE,10095,0,1,0,0,0,0,conflicting_duplicate — same text with different label vectors in this group,DROP,User decision 2026-09-19,2026-09-19 12:37:46
809694098ebe,809694098ebe,"ছেলে গেলে ছেলে পাবে,,,বৈশাখের আনন্দ গেলে পাওয়া এটা আর পাওয়া যাবে না,,,,,,এরা মেল",B,UBMEC,NONE,10131,0,0,0,0,1,0,conflicting_duplicate — same text with different label vectors in this group,DROP,User decision 2026-09-19,2026-09-19 12:37:46
64acfb05dd5b,64acfb05dd5b,জয় বাংলা,B,MONOVAB,NONE,822,0,0,0,1,0,0,conflicting_duplicate — same text with different label vectors in this group,DROP,User decision 2026-09-19,2026-09-19 12:37:46
64acfb05dd5b,64acfb05dd5b,জয় বাংলা,B,MONOVAB,NONE,853,0,0,0,1,0,0,conflicting_duplicate — same text with different label vectors in this group,DROP,User decision 2026-09-19,2026-09-19 12:37:46
64acfb05dd5b,64acfb05dd5b,জয় বাংলা,B,MONOVAB,NONE,926,0,0,0,1,0,0,conflicting_duplicate — same text with different label vectors in this group,DROP,User decision 2026-09-19,2026-09-19 12:37:46
64acfb05dd5b,64acfb05dd5b,জয় বাংলা,B,MONOVAB,NONE,953,0,0,0,1,0,0,conflicting_duplicate — same text with different label vectors in this group,DROP,User decision 2026-09-19,2026-09-19 12:37:46
64acfb05dd5b,64acfb05dd5b,জয় বাংলা,B,MONOVAB,NONE,45259,1,0,0,0,0,0,conflicting_duplicate — same text with different label vectors in this group,DROP,User decision 2026-09-19,2026-09-19 12:37:46
64acfb05dd5b,64acfb05dd5b,জয় বাংলা,B,MONOVAB,NONE,45509,1,0,0,0,0,0,conflicting_duplicate — same text with different label vectors in this group,DROP,User decision 2026-09-19,2026-09-19 12:37:46
d7b8d8401f2d,d7b8d8401f2d,জানোয়ার,D,UBMEC,NONE,8178,1,0,0,0,0,0,conflicting_duplicate — same text with different label vectors in this group,DROP,User decision 2026-09-19,2026-09-19 12:37:46
d7b8d8401f2d,d7b8d8401f2d,জানোয়ার,D,MONOVAB,NONE,26181,1,1,0,0,0,0,conflicting_duplicate — same text with different label vectors in this group,DROP,User decision 2026-09-19,2026-09-19 12:37:46
809809d67c48,809809d67c48,টানা এগারোবার বাংলাদেশের সর্বোচ্চ রফতানিকারকের স্বর্ণ ট্রফি অর্জন করেছে জাবের অ্,B,UBMEC,NONE,4267,0,0,0,1,0,0,conflicting_duplicate — same text with different label vectors in this group,DROP,User decision 2026-09-19,2026-09-19 12:37:46
809809d67c48,809809d67c48,টানা এগারোবার বাংলাদেশের সর্বোচ্চ রফতানিকারকের স্বর্ণ ট্রফি অর্জন করেছে জাবের অ্,B,UBMEC,NONE,4268,0,0,0,0,0,1,conflicting_duplicate — same text with different label vectors in this group,DROP,User decision 2026-09-19,2026-09-19 12:37:46
c1fe3139c9ee,c1fe3139c9ee,ঠিক কথা,D,UBMEC,NONE,10968,0,0,0,1,0,0,conflicting_duplicate — same text with different label vectors in this group,DROP,User decision 2026-09-19,2026-09-19 12:37:46
c1fe3139c9ee,c1fe3139c9ee,ঠিক কথা,D,MONOVAB,NONE,28068,1,0,0,0,0,0,conflicting_duplicate — same text with different label vectors in this group,DROP,User decision 2026-09-19,2026-09-19 12:37:46
3d01f0d345bb,3d01f0d345bb,ঢাকা দক্ষিণ সিটি করপোরেশনে বিএনপির প্রার্থী ইশরাক হোসেনের নির্বাচনী প্রচারের সময়,B,UBMEC,NONE,4329,1,0,0,0,0,0,conflicting_duplicate — same text with different label vectors in this group,DROP,User decision 2026-09-19,2026-09-19 12:37:46
3d01f0d345bb,3d01f0d345bb,ঢাকা দক্ষিণ সিটি করপোরেশনে বিএনপির প্রার্থী ইশরাক হোসেনের নির্বাচনী প্রচারের সময়,B,UBMEC,NONE,4330,0,1,0,0,0,0,conflicting_duplicate — same text with different label vectors in this group,DROP,User decision 2026-09-19,2026-09-19 12:37:46
d8bb49927c54,d8bb49927c54,তনু হত্যার বিচার চাই ।সাংবাদিক কেন নীরব ? কার ভয়ে ?,B,UBMEC,NONE,11275,0,0,1,0,0,0,conflicting_duplicate — same text with different label vectors in this group,DROP,User decision 2026-09-19,2026-09-19 12:37:46
d8bb49927c54,d8bb49927c54,তনু হত্যার বিচার চাই ।সাংবাদিক কেন নীরব ? কার ভয়ে ?,B,UBMEC,NONE,11348,0,0,0,0,1,0,conflicting_duplicate — same text with different label vectors in this group,DROP,User decision 2026-09-19,2026-09-19 12:37:46
8bc0005a94a7,8bc0005a94a7,"তনুই একমাত্র তনু নয়, আরও তনু আছে। ২৬শে মার্চ ৪৫তম মহান স্বাধীনতা দিবসে প্রধানমন্",B,UBMEC,NONE,11068,0,0,0,0,1,0,conflicting_duplicate — same text with different label vectors in this group,DROP,User decision 2026-09-19,2026-09-19 12:37:46
8bc0005a94a7,8bc0005a94a7,"তনুই একমাত্র তনু নয়, আরও তনু আছে। ২৬শে মার্চ ৪৫তম মহান স্বাধীনতা দিবসে প্রধানমন্",B,UBMEC,NONE,11092,0,0,0,0,0,1,conflicting_duplicate — same text with different label vectors in this group,DROP,User decision 2026-09-19,2026-09-19 12:37:46
01119e91ce41,01119e91ce41,তাই,D,UBMEC,NONE,10630,0,0,0,0,1,0,conflicting_duplicate — same text with different label vectors in this group,DROP,User decision 2026-09-19,2026-09-19 12:37:46
01119e91ce41,01119e91ce41,তাই,D,MONOVAB,NONE,26059,1,0,0,0,0,0,conflicting_duplicate — same text with different label vectors in this group,DROP,User decision 2026-09-19,2026-09-19 12:37:46
c0bb635e3295,c0bb635e3295,তাতে কোম্পানির উৎপাদন হতো প্রচুর এবং এর ফলে সে আনন্দের সঙ্গেই জীবন নির্বাহ করত। ,E+B,EmoNoBa,Test,15064,1,0,0,1,0,1,conflicting_duplicate — same text with different label vectors in this group,DROP,User decision 2026-09-19,2026-09-19 12:37:46
c0bb635e3295,c0bb635e3295,তাতে কোম্পানির উৎপাদন হতো প্রচুর এবং এর ফলে সে আনন্দের সঙ্গেই জীবন নির্বাহ করত। ,E+B,EmoNoBa,Test,23263,0,0,0,1,0,0,conflicting_duplicate — same text with different label vectors in this group,DROP,User decision 2026-09-19,2026-09-19 12:37:46
8073227c96f9,8073227c96f9,তাহলে কারা কুমিল্লা ভিক্টোরিয়া কলেজ ছাত্রী তনুকে প্রথমে ধর্ষণ তারপর গলা কেটে হত্,B,UBMEC,NONE,11108,0,0,1,0,0,0,conflicting_duplicate — same text with different label vectors in this group,DROP,User decision 2026-09-19,2026-09-19 12:37:46
8073227c96f9,8073227c96f9,তাহলে কারা কুমিল্লা ভিক্টোরিয়া কলেজ ছাত্রী তনুকে প্রথমে ধর্ষণ তারপর গলা কেটে হত্,B,UBMEC,NONE,11164,0,0,0,0,0,1,conflicting_duplicate — same text with different label vectors in this group,DROP,User decision 2026-09-19,2026-09-19 12:37:46
99a3548f3f36,99a3548f3f36,তুলে দেওয়া উচিৎ,B,MONOVAB,NONE,27741,1,1,0,0,0,0,conflicting_duplicate — same text with different label vectors in this group,DROP,User decision 2026-09-19,2026-09-19 12:37:46
99a3548f3f36,99a3548f3f36,তুলে দেওয়া উচিৎ,B,MONOVAB,NONE,27958,1,0,0,0,0,0,conflicting_duplicate — same text with different label vectors in this group,DROP,User decision 2026-09-19,2026-09-19 12:37:46
7d0b239f100f,7d0b239f100f,দালাল,D,UBMEC,NONE,8103,1,0,0,0,0,0,conflicting_duplicate — same text with different label vectors in this group,DROP,User decision 2026-09-19,2026-09-19 12:37:46
7d0b239f100f,7d0b239f100f,দালাল,D,UBMEC,NONE,9398,1,0,0,0,0,0,conflicting_duplicate — same text with different label vectors in this group,DROP,User decision 2026-09-19,2026-09-19 12:37:46
7d0b239f100f,7d0b239f100f,দালাল,D,UBMEC,NONE,11270,1,0,0,0,0,0,conflicting_duplicate — same text with different label vectors in this group,DROP,User decision 2026-09-19,2026-09-19 12:37:46
7d0b239f100f,7d0b239f100f,দালাল,D,MONOVAB,NONE,3866,0,1,0,0,0,0,conflicting_duplicate — same text with different label vectors in this group,DROP,User decision 2026-09-19,2026-09-19 12:37:46
c971fc0f72c6,c971fc0f72c6,"দেশের সকল ম্যাজিস্ট্রেট ভাইদের দৃষ্টি আকর্ষণ করছি , আপনারা একত্রিত হয়ে এ য়ার পোর",B,UBMEC,NONE,12103,1,0,0,0,0,0,conflicting_duplicate — same text with different label vectors in this group,DROP,User decision 2026-09-19,2026-09-19 12:37:46
c971fc0f72c6,c971fc0f72c6,"দেশের সকল ম্যাজিস্ট্রেট ভাইদের দৃষ্টি আকর্ষণ করছি , আপনারা একত্রিত হয়ে এ য়ার পোর",B,UBMEC,NONE,12197,0,0,0,1,0,0,conflicting_duplicate — same text with different label vectors in this group,DROP,User decision 2026-09-19,2026-09-19 12:37:46
c971fc0f72c6,c971fc0f72c6,"দেশের সকল ম্যাজিস্ট্রেট ভাইদের দৃষ্টি আকর্ষণ করছি , আপনারা একত্রিত হয়ে এ য়ার পোর",B,UBMEC,NONE,12319,1,0,0,0,0,0,conflicting_duplicate — same text with different label vectors in this group,DROP,User decision 2026-09-19,2026-09-19 12:37:46
c971fc0f72c6,c971fc0f72c6,"দেশের সকল ম্যাজিস্ট্রেট ভাইদের দৃষ্টি আকর্ষণ করছি , আপনারা একত্রিত হয়ে এ য়ার পোর",B,UBMEC,NONE,12348,0,0,0,0,1,0,conflicting_duplicate — same text with different label vectors in this group,DROP,User decision 2026-09-19,2026-09-19 12:37:46
0a847720462e,0a847720462e,ধিক্কার জানাই,B,MONOVAB,NONE,219,1,1,0,0,0,0,conflicting_duplicate — same text with different label vectors in this group,DROP,User decision 2026-09-19,2026-09-19 12:37:46
0a847720462e,0a847720462e,ধিক্কার জানাই,B,MONOVAB,NONE,41832,1,0,0,0,0,0,conflicting_duplicate — same text with different label vectors in this group,DROP,User decision 2026-09-19,2026-09-19 12:37:46
fb5eecb6aded,fb5eecb6aded,নড়াইলে রবিশস্য সরিষার সঙ্গে মৌমাছি পালন করে মধু চাষ জনপ্রিয় হয়ে উঠছে  এতে একদিকে,B,UBMEC,NONE,4816,0,0,0,1,0,0,conflicting_duplicate — same text with different label vectors in this group,DROP,User decision 2026-09-19,2026-09-19 12:37:46
fb5eecb6aded,fb5eecb6aded,নড়াইলে রবিশস্য সরিষার সঙ্গে মৌমাছি পালন করে মধু চাষ জনপ্রিয় হয়ে উঠছে  এতে একদিকে,B,UBMEC,NONE,4817,0,0,0,0,0,1,conflicting_duplicate — same text with different label vectors in this group,DROP,User decision 2026-09-19,2026-09-19 12:37:46
8a1a947b486e,8a1a947b486e,নিন্দা জানাচ্ছি,D,UBMEC,NONE,8096,0,0,0,0,1,0,conflicting_duplicate — same text with different label vectors in this group,DROP,User decision 2026-09-19,2026-09-19 12:37:46
8a1a947b486e,8a1a947b486e,নিন্দা জানাচ্ছি,D,MONOVAB,NONE,42161,1,0,0,0,0,0,conflicting_duplicate — same text with different label vectors in this group,DROP,User decision 2026-09-19,2026-09-19 12:37:46
5a02e14c03f7,5a02e14c03f7,নিরাপদ দেশ চাই ,D,EmoNoBa,NONE,15975,1,0,0,0,0,0,conflicting_duplicate — same text with different label vectors in this group,DROP,User decision 2026-09-19,2026-09-19 12:37:46
5a02e14c03f7,5a02e14c03f7,নিরাপদ দেশ চাই ,D,MONOVAB,NONE,20165,0,0,0,1,0,0,conflicting_duplicate — same text with different label vectors in this group,DROP,User decision 2026-09-19,2026-09-19 12:37:46
8ee840e83238,8ee840e83238,পাডার পো পাডা,B,MONOVAB,NONE,4190,1,1,0,0,0,0,conflicting_duplicate — same text with different label vectors in this group,DROP,User decision 2026-09-19,2026-09-19 12:37:46
8ee840e83238,8ee840e83238,পাডার পো পাডা,B,MONOVAB,NONE,25858,1,0,0,0,0,0,conflicting_duplicate — same text with different label vectors in this group,DROP,User decision 2026-09-19,2026-09-19 12:37:46
60ad4ed37b6b,60ad4ed37b6b,পাপিয়া কত ভাল এবং সৎ নারী এবং পুরুষের কান্নার আওয়াজ শুনে নাই   সে প্রভাব শালীদের,B,UBMEC,NONE,4998,1,0,0,0,0,0,conflicting_duplicate — same text with different label vectors in this group,DROP,User decision 2026-09-19,2026-09-19 12:37:46
60ad4ed37b6b,60ad4ed37b6b,পাপিয়া কত ভাল এবং সৎ নারী এবং পুরুষের কান্নার আওয়াজ শুনে নাই   সে প্রভাব শালীদের,B,UBMEC,NONE,4999,0,0,0,0,1,0,conflicting_duplicate — same text with different label vectors in this group,DROP,User decision 2026-09-19,2026-09-19 12:37:46
cd1f2c7bb5fb,cd1f2c7bb5fb,পৃথিবীতে আনন্দ এবং দুঃখ সব সময় থাকবে সমান সমান  বিজ্ঞানের ভাষায় আনন্দের সংরক্ষ,B,UBMEC,NONE,5047,0,0,0,1,0,0,conflicting_duplicate — same text with different label vectors in this group,DROP,User decision 2026-09-19,2026-09-19 12:37:46
cd1f2c7bb5fb,cd1f2c7bb5fb,পৃথিবীতে আনন্দ এবং দুঃখ সব সময় থাকবে সমান সমান  বিজ্ঞানের ভাষায় আনন্দের সংরক্ষ,B,UBMEC,NONE,5048,0,0,0,0,1,0,conflicting_duplicate — same text with different label vectors in this group,DROP,User decision 2026-09-19,2026-09-19 12:37:46
1f5ad2e2daeb,1f5ad2e2daeb,পৃথিবীর সবচেয়ে সুখী মানুষ সৌদি আরব,B,UBMEC,NONE,506,0,0,0,0,0,1,conflicting_duplicate — same text with different label vectors in this group,DROP,User decision 2026-09-19,2026-09-19 12:37:46
1f5ad2e2daeb,1f5ad2e2daeb,পৃথিবীর সবচেয়ে সুখী মানুষ সৌদি আরব,B,UBMEC,NONE,834,0,0,0,1,0,0,conflicting_duplicate — same text with different label vectors in this group,DROP,User decision 2026-09-19,2026-09-19 12:37:46
ec7e35e835f2,ec7e35e835f2,প্রশ্ন শুনে বুঝা যায় বাংলাদেশের অধিকাংশ সাংবাদিক এক একটা নিচু মানের উৎকৃষ্ট দালা,B,UBMEC,NONE,5133,1,0,0,0,0,0,conflicting_duplicate — same text with different label vectors in this group,DROP,User decision 2026-09-19,2026-09-19 12:37:46
ec7e35e835f2,ec7e35e835f2,প্রশ্ন শুনে বুঝা যায় বাংলাদেশের অধিকাংশ সাংবাদিক এক একটা নিচু মানের উৎকৃষ্ট দালা,B,UBMEC,NONE,5134,0,1,0,0,0,0,conflicting_duplicate — same text with different label vectors in this group,DROP,User decision 2026-09-19,2026-09-19 12:37:46
c0f997ec3c3b,c0f997ec3c3b, বছর পর প্রতিবেদন অনুযায়ী সালমান শাহ আত্মহত্যা করেছে   বছর পর সাংবাদিক সাগর রুন,B,UBMEC,NONE,1597,0,0,1,0,0,0,conflicting_duplicate — same text with different label vectors in this group,DROP,User decision 2026-09-19,2026-09-19 12:37:46
c0f997ec3c3b,c0f997ec3c3b, বছর পর প্রতিবেদন অনুযায়ী সালমান শাহ আত্মহত্যা করেছে   বছর পর সাংবাদিক সাগর রুন,B,UBMEC,NONE,1598,0,0,0,0,1,0,conflicting_duplicate — same text with different label vectors in this group,DROP,User decision 2026-09-19,2026-09-19 12:37:46
ec6d5895d3ea,ec6d5895d3ea,বয়কট নিউ মার্কেট,B,MONOVAB,NONE,4093,1,1,0,0,0,0,conflicting_duplicate — same text with different label vectors in this group,DROP,User decision 2026-09-19,2026-09-19 12:37:46
ec6d5895d3ea,ec6d5895d3ea,বয়কট নিউ মার্কেট,B,MONOVAB,NONE,6920,1,0,0,0,0,0,conflicting_duplicate — same text with different label vectors in this group,DROP,User decision 2026-09-19,2026-09-19 12:37:46
ec6d5895d3ea,ec6d5895d3ea,বয়কট নিউ মার্কেট,B,MONOVAB,NONE,7685,1,0,0,0,0,0,conflicting_duplicate — same text with different label vectors in this group,DROP,User decision 2026-09-19,2026-09-19 12:37:46
d7749a17a1d2,d7749a17a1d2,বয়কট নিউমার্কেট,B,MONOVAB,NONE,3962,1,0,0,0,0,0,conflicting_duplicate — same text with different label vectors in this group,DROP,User decision 2026-09-19,2026-09-19 12:37:46
d7749a17a1d2,d7749a17a1d2,বয়কট নিউমার্কেট,B,MONOVAB,NONE,4033,1,1,0,0,0,0,conflicting_duplicate — same text with different label vectors in this group,DROP,User decision 2026-09-19,2026-09-19 12:37:46
d7749a17a1d2,d7749a17a1d2,বয়কট নিউমার্কেট,B,MONOVAB,NONE,7173,1,0,0,0,0,0,conflicting_duplicate — same text with different label vectors in this group,DROP,User decision 2026-09-19,2026-09-19 12:37:46
d7749a17a1d2,d7749a17a1d2,বয়কট নিউমার্কেট,B,MONOVAB,NONE,7319,1,0,0,0,0,0,conflicting_duplicate — same text with different label vectors in this group,DROP,User decision 2026-09-19,2026-09-19 12:37:46
d7749a17a1d2,d7749a17a1d2,বয়কট নিউমার্কেট,B,MONOVAB,NONE,7477,1,0,0,0,0,0,conflicting_duplicate — same text with different label vectors in this group,DROP,User decision 2026-09-19,2026-09-19 12:37:46
0bd9fb5c7b6a,0bd9fb5c7b6a,বলদ,D,UBMEC,NONE,12850,0,1,0,0,0,0,conflicting_duplicate — same text with different label vectors in this group,DROP,User decision 2026-09-19,2026-09-19 12:37:46
0bd9fb5c7b6a,0bd9fb5c7b6a,বলদ,D,MONOVAB,NONE,26055,1,0,0,0,0,0,conflicting_duplicate — same text with different label vectors in this group,DROP,User decision 2026-09-19,2026-09-19 12:37:46
2fb545da0af9,2fb545da0af9,   বা আশির দশকে যারা আমরা জন্মেছি যা খেয়েছি যা দেখেছি যা শুনেছি যা অনুদাবন করেছি,B,UBMEC,NONE,1614,0,0,0,1,0,0,conflicting_duplicate — same text with different label vectors in this group,DROP,User decision 2026-09-19,2026-09-19 12:37:46
2fb545da0af9,2fb545da0af9,   বা আশির দশকে যারা আমরা জন্মেছি যা খেয়েছি যা দেখেছি যা শুনেছি যা অনুদাবন করেছি,B,UBMEC,NONE,1615,0,0,0,0,1,0,conflicting_duplicate — same text with different label vectors in this group,DROP,User decision 2026-09-19,2026-09-19 12:37:46
a60df92e8850,a60df92e8850,বাংলাদেশ পুলিশে পরিচয় গোপন করে কারা চাকরী করছে দেখুন https://www.youtube.com/wat,B,UBMEC,NONE,8050,0,0,0,0,0,1,conflicting_duplicate — same text with different label vectors in this group,DROP,User decision 2026-09-19,2026-09-19 12:37:46
a60df92e8850,a60df92e8850,বাংলাদেশ পুলিশে পরিচয় গোপন করে কারা চাকরী করছে দেখুন https://www.youtube.com/wat,B,UBMEC,NONE,9366,0,0,0,0,1,0,conflicting_duplicate — same text with different label vectors in this group,DROP,User decision 2026-09-19,2026-09-19 12:37:46
8de0553ad5bc,8de0553ad5bc,বাংলাদেশের তথ্যপ্রযুক্তি ও প্রযুক্তি বিনিয়োগকারী প্রতিষ্ঠান ইজেনারেশন লিমিটেড এব,B,UBMEC,NONE,5359,1,0,0,0,0,0,conflicting_duplicate — same text with different label vectors in this group,DROP,User decision 2026-09-19,2026-09-19 12:37:46
8de0553ad5bc,8de0553ad5bc,বাংলাদেশের তথ্যপ্রযুক্তি ও প্রযুক্তি বিনিয়োগকারী প্রতিষ্ঠান ইজেনারেশন লিমিটেড এব,B,UBMEC,NONE,5360,0,0,0,1,0,0,conflicting_duplicate — same text with different label vectors in this group,DROP,User decision 2026-09-19,2026-09-19 12:37:46
71b525e4b29f,71b525e4b29f,"বাংলাদেশের নাস্তিকরা সব সময় দেখবেন বিজ্ঞান বিজ্ঞান করে।
অথচ বুয়েট, চুয়েট কিংবা ক",B,MONOVAB,NONE,15104,1,0,0,0,0,0,conflicting_duplicate — same text with different label vectors in this group,DROP,User decision 2026-09-19,2026-09-19 12:37:46
71b525e4b29f,71b525e4b29f,"বাংলাদেশের নাস্তিকরা সব সময় দেখবেন বিজ্ঞান বিজ্ঞান করে।
অথচ বুয়েট, চুয়েট কিংবা ক",B,MONOVAB,NONE,15475,1,1,0,0,0,0,conflicting_duplicate — same text with different label vectors in this group,DROP,User decision 2026-09-19,2026-09-19 12:37:46
b17408c34f1b,b17408c34f1b,বিচার কার কাছে চাইবে এখনতো কোন আইন নাই আজ মানুষ বড় অসয়াই,B,UBMEC,NONE,11214,0,0,0,0,0,1,conflicting_duplicate — same text with different label vectors in this group,DROP,User decision 2026-09-19,2026-09-19 12:37:46
b17408c34f1b,b17408c34f1b,বিচার কার কাছে চাইবে এখনতো কোন আইন নাই আজ মানুষ বড় অসয়াই,B,UBMEC,NONE,11218,0,0,0,0,1,0,conflicting_duplicate — same text with different label vectors in this group,DROP,User decision 2026-09-19,2026-09-19 12:37:46
3e31b9eb6be6,3e31b9eb6be6,বিচার চাই,B,UBMEC,NONE,9374,0,0,0,0,1,0,conflicting_duplicate — same text with different label vectors in this group,DROP,User decision 2026-09-19,2026-09-19 12:37:46
3e31b9eb6be6,3e31b9eb6be6,বিচার চাই,B,UBMEC,NONE,9464,1,0,0,0,0,0,conflicting_duplicate — same text with different label vectors in this group,DROP,User decision 2026-09-19,2026-09-19 12:37:46
3e31b9eb6be6,3e31b9eb6be6,বিচার চাই,B,UBMEC,NONE,9588,0,0,0,0,1,0,conflicting_duplicate — same text with different label vectors in this group,DROP,User decision 2026-09-19,2026-09-19 12:37:46
3e31b9eb6be6,3e31b9eb6be6,বিচার চাই,B,UBMEC,NONE,9632,1,0,0,0,0,0,conflicting_duplicate — same text with different label vectors in this group,DROP,User decision 2026-09-19,2026-09-19 12:37:46
3e31b9eb6be6,3e31b9eb6be6,বিচার চাই,B,UBMEC,NONE,9649,1,0,0,0,0,0,conflicting_duplicate — same text with different label vectors in this group,DROP,User decision 2026-09-19,2026-09-19 12:37:46
3e31b9eb6be6,3e31b9eb6be6,বিচার চাই,B,UBMEC,NONE,9650,1,0,0,0,0,0,conflicting_duplicate — same text with different label vectors in this group,DROP,User decision 2026-09-19,2026-09-19 12:37:46
3e31b9eb6be6,3e31b9eb6be6,বিচার চাই,B,UBMEC,NONE,9791,1,0,0,0,0,0,conflicting_duplicate — same text with different label vectors in this group,DROP,User decision 2026-09-19,2026-09-19 12:37:46
3e31b9eb6be6,3e31b9eb6be6,বিচার চাই,B,UBMEC,NONE,10015,0,1,0,0,0,0,conflicting_duplicate — same text with different label vectors in this group,DROP,User decision 2026-09-19,2026-09-19 12:37:46
c08f7711eeb3,c08f7711eeb3,বিমানবন্দরের প্রধান নিরাপত্তা কর্মকর্তার বিরুদ্ধে আইনানুগ সর্বোচ্চ ও কঠিন শাস্ত,B,UBMEC,NONE,12355,0,0,0,0,1,0,conflicting_duplicate — same text with different label vectors in this group,DROP,User decision 2026-09-19,2026-09-19 12:37:46
c08f7711eeb3,c08f7711eeb3,বিমানবন্দরের প্রধান নিরাপত্তা কর্মকর্তার বিরুদ্ধে আইনানুগ সর্বোচ্চ ও কঠিন শাস্ত,B,UBMEC,NONE,12361,0,0,0,1,0,0,conflicting_duplicate — same text with different label vectors in this group,DROP,User decision 2026-09-19,2026-09-19 12:37:46
7f031dfaccb4,7f031dfaccb4,বিশ্বব্যাপী ছড়িয়ে পড়ছে করোনাভাইরাস  চীনের বাইরে ফ্রান্স  জাপান  অস্ট্রেলিয়া  মাল,B,UBMEC,NONE,5552,0,1,0,0,0,0,conflicting_duplicate — same text with different label vectors in this group,DROP,User decision 2026-09-19,2026-09-19 12:37:46
7f031dfaccb4,7f031dfaccb4,বিশ্বব্যাপী ছড়িয়ে পড়ছে করোনাভাইরাস  চীনের বাইরে ফ্রান্স  জাপান  অস্ট্রেলিয়া  মাল,B,UBMEC,NONE,5553,0,0,1,0,0,0,conflicting_duplicate — same text with different label vectors in this group,DROP,User decision 2026-09-19,2026-09-19 12:37:46
9ea42729bff5,9ea42729bff5,ভাই আজকেই প্রথম আপনার ভিডিও দেখলাম   দেখেই ভালো লাগে গেছে  স্যলুট বস চালিয়ে যান ,B,UBMEC,NONE,5708,0,0,0,1,0,0,conflicting_duplicate — same text with different label vectors in this group,DROP,User decision 2026-09-19,2026-09-19 12:37:46
9ea42729bff5,9ea42729bff5,ভাই আজকেই প্রথম আপনার ভিডিও দেখলাম   দেখেই ভালো লাগে গেছে  স্যলুট বস চালিয়ে যান ,B,UBMEC,NONE,5709,0,0,0,0,0,1,conflicting_duplicate — same text with different label vectors in this group,DROP,User decision 2026-09-19,2026-09-19 12:37:46
0b3c0ab02157,0b3c0ab02157,মানুষ থেকে যখন ধর্মের ব্যবহার চলে যায় তখন এসব হয়,B,UBMEC,NONE,11209,0,0,0,0,1,0,conflicting_duplicate — same text with different label vectors in this group,DROP,User decision 2026-09-19,2026-09-19 12:37:46
0b3c0ab02157,0b3c0ab02157,মানুষ থেকে যখন ধর্মের ব্যবহার চলে যায় তখন এসব হয়,B,UBMEC,NONE,11221,0,1,0,0,0,0,conflicting_duplicate — same text with different label vectors in this group,DROP,User decision 2026-09-19,2026-09-19 12:37:46
7f1e28894a2c,7f1e28894a2c,"য়ারা ওনার মত একজন ভালো শিক্ষক ও শিক্ষা ব্যবস্থাকে ধর্মের নামে বিকৃতি করছে,,তাদের",B,MONOVAB,NONE,11685,0,1,0,0,1,0,conflicting_duplicate — same text with different label vectors in this group,DROP,User decision 2026-09-19,2026-09-19 12:37:46
7f1e28894a2c,7f1e28894a2c,"য়ারা ওনার মত একজন ভালো শিক্ষক ও শিক্ষা ব্যবস্থাকে ধর্মের নামে বিকৃতি করছে,,তাদের",B,MONOVAB,NONE,15360,1,1,0,0,0,0,conflicting_duplicate — same text with different label vectors in this group,DROP,User decision 2026-09-19,2026-09-19 12:37:46
8b9ceab15709,8b9ceab15709,"যারা প্রতিমা গুলো ভেঙেছে এবং পুরোহিত ও মুয়াজ্জিন হত্যা করেছে তাদের কোন ধর্ম নেই,",B,UBMEC,NONE,8394,0,0,0,0,1,0,conflicting_duplicate — same text with different label vectors in this group,DROP,User decision 2026-09-19,2026-09-19 12:37:46
8b9ceab15709,8b9ceab15709,"যারা প্রতিমা গুলো ভেঙেছে এবং পুরোহিত ও মুয়াজ্জিন হত্যা করেছে তাদের কোন ধর্ম নেই,",B,UBMEC,NONE,9086,1,0,0,0,0,0,conflicting_duplicate — same text with different label vectors in this group,DROP,User decision 2026-09-19,2026-09-19 12:37:46
7e4f5f044519,7e4f5f044519,"যারা শফিক রেহমানকে অপরাধী অপরাধী করছেন, তাদের কাছে প্রশ্ন, উনি কতো বড় অপরাধী? নি",B,UBMEC,NONE,7162,1,0,0,0,0,0,conflicting_duplicate — same text with different label vectors in this group,DROP,User decision 2026-09-19,2026-09-19 12:37:46
7e4f5f044519,7e4f5f044519,"যারা শফিক রেহমানকে অপরাধী অপরাধী করছেন, তাদের কাছে প্রশ্ন, উনি কতো বড় অপরাধী? নি",B,UBMEC,NONE,7931,0,1,0,0,0,0,conflicting_duplicate — same text with different label vectors in this group,DROP,User decision 2026-09-19,2026-09-19 12:37:46
b5ef7154b757,b5ef7154b757,রকিবুলও কম যাননি  ভারতীয় বোলারদের বোলিং তোপগুলো সামলে তিনি অধিনায়ককে সঙ্গ দিয়ে গ,B,UBMEC,NONE,6285,0,0,0,1,0,0,conflicting_duplicate — same text with different label vectors in this group,DROP,User decision 2026-09-19,2026-09-19 12:37:46
b5ef7154b757,b5ef7154b757,রকিবুলও কম যাননি  ভারতীয় বোলারদের বোলিং তোপগুলো সামলে তিনি অধিনায়ককে সঙ্গ দিয়ে গ,B,UBMEC,NONE,6286,0,0,0,0,0,1,conflicting_duplicate — same text with different label vectors in this group,DROP,User decision 2026-09-19,2026-09-19 12:37:46
71c7b2a4355a,71c7b2a4355a,রশি দিয়ে ব্যানার লাগানো হয়েছে  এটা এই অনুষ্ঠানের জন্য প্রচন্ড মানহানীর বিষয়  এই ,B,UBMEC,NONE,6300,1,0,0,0,0,0,conflicting_duplicate — same text with different label vectors in this group,DROP,User decision 2026-09-19,2026-09-19 12:37:46
71c7b2a4355a,71c7b2a4355a,রশি দিয়ে ব্যানার লাগানো হয়েছে  এটা এই অনুষ্ঠানের জন্য প্রচন্ড মানহানীর বিষয়  এই ,B,UBMEC,NONE,6301,0,1,0,0,0,0,conflicting_duplicate — same text with different label vectors in this group,DROP,User decision 2026-09-19,2026-09-19 12:37:46
a35d234bb11a,a35d234bb11a,রাইট,D,UBMEC,NONE,7610,0,0,0,1,0,0,conflicting_duplicate — same text with different label vectors in this group,DROP,User decision 2026-09-19,2026-09-19 12:37:46
a35d234bb11a,a35d234bb11a,রাইট,D,UBMEC,NONE,9747,1,0,0,0,0,0,conflicting_duplicate — same text with different label vectors in this group,DROP,User decision 2026-09-19,2026-09-19 12:37:46
a35d234bb11a,a35d234bb11a,রাইট,D,UBMEC,NONE,10026,0,0,0,1,0,0,conflicting_duplicate — same text with different label vectors in this group,DROP,User decision 2026-09-19,2026-09-19 12:37:46
a35d234bb11a,a35d234bb11a,রাইট,D,UBMEC,NONE,11901,0,0,0,1,0,0,conflicting_duplicate — same text with different label vectors in this group,DROP,User decision 2026-09-19,2026-09-19 12:37:46
a35d234bb11a,a35d234bb11a,রাইট,D,MONOVAB,NONE,11536,1,0,0,0,0,0,conflicting_duplicate — same text with different label vectors in this group,DROP,User decision 2026-09-19,2026-09-19 12:37:46
a35d234bb11a,a35d234bb11a,রাইট,D,MONOVAB,NONE,26079,1,0,0,0,0,0,conflicting_duplicate — same text with different label vectors in this group,DROP,User decision 2026-09-19,2026-09-19 12:37:46
9a8580b9330c,9a8580b9330c,রাইট ভাই,D,UBMEC,NONE,8026,0,0,0,1,0,0,conflicting_duplicate — same text with different label vectors in this group,DROP,User decision 2026-09-19,2026-09-19 12:37:46
9a8580b9330c,9a8580b9330c,রাইট ভাই,D,MONOVAB,NONE,41797,0,0,0,0,1,0,conflicting_duplicate — same text with different label vectors in this group,DROP,User decision 2026-09-19,2026-09-19 12:37:46
1e817f91f174,1e817f91f174,রান হলে খেলা জিতবে ইংশাআললা ,B,UBMEC,NONE,354,0,0,0,0,0,1,conflicting_duplicate — same text with different label vectors in this group,DROP,User decision 2026-09-19,2026-09-19 12:37:46
1e817f91f174,1e817f91f174,রান হলে খেলা জিতবে ইংশাআললা ,B,UBMEC,NONE,1022,0,0,0,1,0,0,conflicting_duplicate — same text with different label vectors in this group,DROP,User decision 2026-09-19,2026-09-19 12:37:46
64845e3a3797,64845e3a3797,লজ্জা,D,UBMEC,NONE,9538,0,0,0,0,1,0,conflicting_duplicate — same text with different label vectors in this group,DROP,User decision 2026-09-19,2026-09-19 12:37:46
64845e3a3797,64845e3a3797,লজ্জা,D,MONOVAB,NONE,980,0,1,0,0,0,0,conflicting_duplicate — same text with different label vectors in this group,DROP,User decision 2026-09-19,2026-09-19 12:37:46
64845e3a3797,64845e3a3797,লজ্জা,D,MONOVAB,NONE,14928,0,1,0,0,0,0,conflicting_duplicate — same text with different label vectors in this group,DROP,User decision 2026-09-19,2026-09-19 12:37:46
64845e3a3797,64845e3a3797,লজ্জা,D,MONOVAB,NONE,25533,1,0,0,0,0,0,conflicting_duplicate — same text with different label vectors in this group,DROP,User decision 2026-09-19,2026-09-19 12:37:46
567648208842,567648208842,লেবুর শরবতে আয়েশ করে চুমুক দিতে দিতে পাশের দেয়ালে দৃষ্টি ফেরাতেই যদি চোখ আটকে যা,B,UBMEC,NONE,6445,0,0,0,1,0,0,conflicting_duplicate — same text with different label vectors in this group,DROP,User decision 2026-09-19,2026-09-19 12:37:46
567648208842,567648208842,লেবুর শরবতে আয়েশ করে চুমুক দিতে দিতে পাশের দেয়ালে দৃষ্টি ফেরাতেই যদি চোখ আটকে যা,B,UBMEC,NONE,6446,0,0,0,0,0,1,conflicting_duplicate — same text with different label vectors in this group,DROP,User decision 2026-09-19,2026-09-19 12:37:46
d84b91780734,d84b91780734,শালা বাইনচোদ বাংলাদেশ খেলতেই পারে না তুমি আবার এত নাটক চোদাও কা,B,UBMEC,NONE,6484,1,0,0,0,0,0,conflicting_duplicate — same text with different label vectors in this group,DROP,User decision 2026-09-19,2026-09-19 12:37:46
d84b91780734,d84b91780734,শালা বাইনচোদ বাংলাদেশ খেলতেই পারে না তুমি আবার এত নাটক চোদাও কা,B,UBMEC,NONE,6485,0,1,0,0,0,0,conflicting_duplicate — same text with different label vectors in this group,DROP,User decision 2026-09-19,2026-09-19 12:37:46
ea49d0ec7be2,ea49d0ec7be2,শালা স্বরাষ্ট্রপ্রতিমন্ত্রী তোর মত ছাগল যে কিভাবে মন্ত্রী হয় আমি বুঝিনা বাংলাদে,B,UBMEC,NONE,6488,1,0,0,0,0,0,conflicting_duplicate — same text with different label vectors in this group,DROP,User decision 2026-09-19,2026-09-19 12:37:46
ea49d0ec7be2,ea49d0ec7be2,শালা স্বরাষ্ট্রপ্রতিমন্ত্রী তোর মত ছাগল যে কিভাবে মন্ত্রী হয় আমি বুঝিনা বাংলাদে,B,UBMEC,NONE,6489,0,1,0,0,0,0,conflicting_duplicate — same text with different label vectors in this group,DROP,User decision 2026-09-19,2026-09-19 12:37:46
1fcc54e28428,1fcc54e28428,শীতের শেষে সবজির দাম যতটা কমে  এবার ততটা কমেনি  শীতকালে সবজির দাম কেমন  তার বেঞ্,B,UBMEC,NONE,6511,0,0,0,0,1,0,conflicting_duplicate — same text with different label vectors in this group,DROP,User decision 2026-09-19,2026-09-19 12:37:46
1fcc54e28428,1fcc54e28428,শীতের শেষে সবজির দাম যতটা কমে  এবার ততটা কমেনি  শীতকালে সবজির দাম কেমন  তার বেঞ্,B,UBMEC,NONE,6512,0,0,0,0,0,1,conflicting_duplicate — same text with different label vectors in this group,DROP,User decision 2026-09-19,2026-09-19 12:37:46
a2c4a191e2e1,a2c4a191e2e1,সত্যি কথা,D,UBMEC,NONE,10844,0,0,0,1,0,0,conflicting_duplicate — same text with different label vectors in this group,DROP,User decision 2026-09-19,2026-09-19 12:37:46
a2c4a191e2e1,a2c4a191e2e1,সত্যি কথা,D,MONOVAB,NONE,4120,1,0,0,0,0,0,conflicting_duplicate — same text with different label vectors in this group,DROP,User decision 2026-09-19,2026-09-19 12:37:46
07ae042d1e72,07ae042d1e72,সবার কাছে একটা অনুরুদ ক্রিকেট নির্বাচন আর রাজনিতি টা কিছু দিনের জন্য বাদ দিয়ে শু,B,UBMEC,NONE,11122,0,0,1,0,0,0,conflicting_duplicate — same text with different label vectors in this group,DROP,User decision 2026-09-19,2026-09-19 12:37:46
07ae042d1e72,07ae042d1e72,সবার কাছে একটা অনুরুদ ক্রিকেট নির্বাচন আর রাজনিতি টা কিছু দিনের জন্য বাদ দিয়ে শু,B,UBMEC,NONE,11179,0,0,0,0,1,0,conflicting_duplicate — same text with different label vectors in this group,DROP,User decision 2026-09-19,2026-09-19 12:37:46
b3abea5dc4f7,b3abea5dc4f7,সরাসরি ঘোষনা দেন আপনার ধর্ম ইসলাম। শাহবাগের নাস্তিকদের রাখা ভুল ছিল। তাহলে আমরা ,B,UBMEC,NONE,7391,0,0,0,1,0,0,conflicting_duplicate — same text with different label vectors in this group,DROP,User decision 2026-09-19,2026-09-19 12:37:46
b3abea5dc4f7,b3abea5dc4f7,সরাসরি ঘোষনা দেন আপনার ধর্ম ইসলাম। শাহবাগের নাস্তিকদের রাখা ভুল ছিল। তাহলে আমরা ,B,UBMEC,NONE,9854,0,0,1,0,0,0,conflicting_duplicate — same text with different label vectors in this group,DROP,User decision 2026-09-19,2026-09-19 12:37:46
da7c2581a367,da7c2581a367,সহমত,D,UBMEC,NONE,10022,0,0,0,1,0,0,conflicting_duplicate — same text with different label vectors in this group,DROP,User decision 2026-09-19,2026-09-19 12:37:46
da7c2581a367,da7c2581a367,সহমত,D,UBMEC,NONE,11946,0,0,0,1,0,0,conflicting_duplicate — same text with different label vectors in this group,DROP,User decision 2026-09-19,2026-09-19 12:37:46
da7c2581a367,da7c2581a367,সহমত,D,UBMEC,NONE,11949,0,0,0,1,0,0,conflicting_duplicate — same text with different label vectors in this group,DROP,User decision 2026-09-19,2026-09-19 12:37:46
da7c2581a367,da7c2581a367,সহমত,D,MONOVAB,NONE,28656,1,0,0,0,0,0,conflicting_duplicate — same text with different label vectors in this group,DROP,User decision 2026-09-19,2026-09-19 12:37:46
6073dd46489a,6073dd46489a,সহমত পোষণ করছি,D,UBMEC,NONE,11944,0,0,0,1,0,0,conflicting_duplicate — same text with different label vectors in this group,DROP,User decision 2026-09-19,2026-09-19 12:37:46
6073dd46489a,6073dd46489a,সহমত পোষণ করছি,D,MONOVAB,NONE,28612,1,0,0,0,0,0,conflicting_duplicate — same text with different label vectors in this group,DROP,User decision 2026-09-19,2026-09-19 12:37:46
886c9a166180,886c9a166180,সহমত পোষণ করছি।ভালকে ভাল কালোকে কালো বলাই বিবেক সম্পন্ন মানুষের কর্তব্য বলে মনে ,B,UBMEC,NONE,7385,0,0,0,1,0,0,conflicting_duplicate — same text with different label vectors in this group,DROP,User decision 2026-09-19,2026-09-19 12:37:46
886c9a166180,886c9a166180,সহমত পোষণ করছি।ভালকে ভাল কালোকে কালো বলাই বিবেক সম্পন্ন মানুষের কর্তব্য বলে মনে ,B,UBMEC,NONE,7402,0,0,0,0,1,0,conflicting_duplicate — same text with different label vectors in this group,DROP,User decision 2026-09-19,2026-09-19 12:37:46
886c9a166180,886c9a166180,সহমত পোষণ করছি।ভালকে ভাল কালোকে কালো বলাই বিবেক সম্পন্ন মানুষের কর্তব্য বলে মনে ,B,UBMEC,NONE,7567,0,0,1,0,0,0,conflicting_duplicate — same text with different label vectors in this group,DROP,User decision 2026-09-19,2026-09-19 12:37:46
fea74578c137,fea74578c137, সালের মার্চ থেকে সংঘাতে জর্জর হয়ে আছে ইয়েমেন  ওই সময় হুতি বিদ্রোহীরা দেশটির পশ্,B,UBMEC,NONE,1578,0,0,1,0,0,0,conflicting_duplicate — same text with different label vectors in this group,DROP,User decision 2026-09-19,2026-09-19 12:37:46
fea74578c137,fea74578c137, সালের মার্চ থেকে সংঘাতে জর্জর হয়ে আছে ইয়েমেন  ওই সময় হুতি বিদ্রোহীরা দেশটির পশ্,B,UBMEC,NONE,1579,0,0,0,0,1,0,conflicting_duplicate — same text with different label vectors in this group,DROP,User decision 2026-09-19,2026-09-19 12:37:46
b518427ffa47,b518427ffa47,সাহিত্যের সাথে টাকা পয়সার নাগপাশ লেনদেন হয় এ আমার জানা ছিলো না  তাই বলে প্রকাশকদ,B,UBMEC,NONE,6783,0,1,0,0,0,0,conflicting_duplicate — same text with different label vectors in this group,DROP,User decision 2026-09-19,2026-09-19 12:37:46
b518427ffa47,b518427ffa47,সাহিত্যের সাথে টাকা পয়সার নাগপাশ লেনদেন হয় এ আমার জানা ছিলো না  তাই বলে প্রকাশকদ,B,UBMEC,NONE,6784,0,0,0,0,1,0,conflicting_duplicate — same text with different label vectors in this group,DROP,User decision 2026-09-19,2026-09-19 12:37:46
c55bed13391e,c55bed13391e,স্যার ওরাত ভদ্র ফ্যামিলীর খান্দানি চোর। ওদের কে বিল গেইট এর কোম্পানিতে কাজ দেওয়া,B,UBMEC,NONE,12092,0,0,0,0,1,0,conflicting_duplicate — same text with different label vectors in this group,DROP,User decision 2026-09-19,2026-09-19 12:37:46
c55bed13391e,c55bed13391e,স্যার ওরাত ভদ্র ফ্যামিলীর খান্দানি চোর। ওদের কে বিল গেইট এর কোম্পানিতে কাজ দেওয়া,B,UBMEC,NONE,12153,1,0,0,0,0,0,conflicting_duplicate — same text with different label vectors in this group,DROP,User decision 2026-09-19,2026-09-19 12:37:46
36b131a5880b,36b131a5880b,"হট্টগোল করার অপরাধে আরো কঠোর শাস্তি দেওয়া হোক,,,,দেশটা আর কতদিন চোরদের হাতে জিম্",B,UBMEC,NONE,12088,1,0,0,0,0,0,conflicting_duplicate — same text with different label vectors in this group,DROP,User decision 2026-09-19,2026-09-19 12:37:46
36b131a5880b,36b131a5880b,"হট্টগোল করার অপরাধে আরো কঠোর শাস্তি দেওয়া হোক,,,,দেশটা আর কতদিন চোরদের হাতে জিম্",B,UBMEC,NONE,12100,0,0,0,0,1,0,conflicting_duplicate — same text with different label vectors in this group,DROP,User decision 2026-09-19,2026-09-19 12:37:46
112ae451a6a6,112ae451a6a6,৭১ টিভিতে গলাবাজি ও তথ্য বিকৃতির বিরুদ্ধে মাওলানা সাখাওয়াত হোস... ৭১ টিভিতে গলাব,B,UBMEC,NONE,11050,1,0,0,0,0,0,conflicting_duplicate — same text with different label vectors in this group,DROP,User decision 2026-09-19,2026-09-19 12:37:46
112ae451a6a6,112ae451a6a6,৭১ টিভিতে গলাবাজি ও তথ্য বিকৃতির বিরুদ্ধে মাওলানা সাখাওয়াত হোস... ৭১ টিভিতে গলাব,B,UBMEC,NONE,11079,0,0,0,0,1,0,conflicting_duplicate — same text with different label vectors in this group,DROP,User decision 2026-09-19,2026-09-19 12:37:46
